timestamp,timeIntervalSince1970,x,y,z
"2023-10-16 10:57:52.005 +0000",1697453872.005020,-0.201846,-0.607623,-1.021467
"2023-10-16 10:57:52.015 +0000",1697453872.015021,-0.217800,-0.479486,-1.071630
"2023-10-16 10:57:52.025 +0000",1697453872.025021,-0.273210,-0.350344,-1.080485
"2023-10-16 10:57:52.035 +0000",1697453872.035027,-0.354825,-0.271214,-1.069679
"2023-10-16 10:57:52.045 +0000",1697453872.045030,-0.433758,-0.253728,-1.066826
"2023-10-16 10:57:52.055 +0000",1697453872.055031,-0.472683,-0.305064,-1.076017
"2023-10-16 10:57:52.065 +0000",1697453872.065035,-0.464217,-0.418746,-1.088628
"2023-10-16 10:57:52.075 +0000",1697453872.075015,-0.427700,-0.574719,-1.102484
"2023-10-16 10:57:52.085 +0000",1697453872.085016,-0.377386,-0.727352,-1.107704
"2023-10-16 10:57:52.095 +0000",1697453872.095043,-0.319910,-0.845971,-1.118988
"2023-10-16 10:57:52.105 +0000",1697453872.105048,-0.251051,-0.925264,-1.141592
"2023-10-16 10:57:52.115 +0000",1697453872.115049,-0.169939,-0.942924,-1.177454
"2023-10-16 10:57:52.125 +0000",1697453872.125032,-0.091456,-0.903247,-1.214986
"2023-10-16 10:57:52.135 +0000",1697453872.135057,-0.029417,-0.810530,-1.244721
"2023-10-16 10:57:52.145 +0000",1697453872.145057,-0.001717,-0.688269,-1.264836
"2023-10-16 10:57:52.155 +0000",1697453872.155040,-0.001645,-0.574609,-1.267085
"2023-10-16 10:57:52.165 +0000",1697453872.165066,-0.018491,-0.474857,-1.264228
"2023-10-16 10:57:52.175 +0000",1697453872.175066,-0.048938,-0.401786,-1.264873
"2023-10-16 10:57:52.185 +0000",1697453872.185054,-0.092945,-0.358625,-1.276504
"2023-10-16 10:57:52.195 +0000",1697453872.195074,-0.145169,-0.348504,-1.295917
"2023-10-16 10:57:52.205 +0000",1697453872.205074,-0.188590,-0.371238,-1.313419
"2023-10-16 10:57:52.215 +0000",1697453872.215078,-0.209610,-0.400148,-1.325507
"2023-10-16 10:57:52.225 +0000",1697453872.225082,-0.197629,-0.430874,-1.326754
"2023-10-16 10:57:52.235 +0000",1697453872.235083,-0.160132,-0.458209,-1.325684
"2023-10-16 10:57:52.245 +0000",1697453872.245076,-0.097281,-0.464081,-1.320018
"2023-10-16 10:57:52.255 +0000",1697453872.255093,-0.025003,-0.452866,-1.310955
"2023-10-16 10:57:52.265 +0000",1697453872.265094,0.035424,-0.426822,-1.294386
"2023-10-16 10:57:52.275 +0000",1697453872.275098,0.057383,-0.385107,-1.273663
"2023-10-16 10:57:52.285 +0000",1697453872.285100,0.030345,-0.340554,-1.250024
"2023-10-16 10:57:52.295 +0000",1697453872.295100,-0.025389,-0.301522,-1.225544
"2023-10-16 10:57:52.305 +0000",1697453872.305106,-0.073472,-0.283730,-1.209716
"2023-10-16 10:57:52.315 +0000",1697453872.315109,-0.101267,-0.272191,-1.199139
"2023-10-16 10:57:52.325 +0000",1697453872.325110,-0.114061,-0.272207,-1.185371
"2023-10-16 10:57:52.335 +0000",1697453872.335114,-0.100097,-0.290041,-1.164128
"2023-10-16 10:57:52.345 +0000",1697453872.345118,-0.063898,-0.293902,-1.143697
"2023-10-16 10:57:52.355 +0000",1697453872.355119,-0.018493,-0.255192,-1.121789
"2023-10-16 10:57:52.365 +0000",1697453872.365122,0.033172,-0.203631,-1.090148
"2023-10-16 10:57:52.375 +0000",1697453872.375127,0.089147,-0.159425,-1.050021
"2023-10-16 10:57:52.385 +0000",1697453872.385127,0.133519,-0.127005,-1.012193
"2023-10-16 10:57:52.395 +0000",1697453872.395131,0.153591,-0.112920,-0.990647
"2023-10-16 10:57:52.405 +0000",1697453872.405131,0.144974,-0.101305,-0.991669
"2023-10-16 10:57:52.415 +0000",1697453872.415133,0.124649,-0.086700,-1.011912
"2023-10-16 10:57:52.425 +0000",1697453872.425139,0.107411,-0.058316,-1.041609
"2023-10-16 10:57:52.435 +0000",1697453872.435141,0.101942,-0.038288,-1.061715
"2023-10-16 10:57:52.445 +0000",1697453872.445142,0.113734,-0.045704,-1.073421
"2023-10-16 10:57:52.455 +0000",1697453872.455379,0.130979,-0.067953,-1.085217
"2023-10-16 10:57:52.465 +0000",1697453872.465138,0.144932,-0.078558,-1.100132
"2023-10-16 10:57:52.475 +0000",1697453872.475140,0.147166,-0.088183,-1.114047
"2023-10-16 10:57:52.485 +0000",1697453872.485157,0.144068,-0.096785,-1.127985
"2023-10-16 10:57:52.495 +0000",1697453872.495137,0.147211,-0.087329,-1.150257
"2023-10-16 10:57:52.505 +0000",1697453872.505138,0.147027,-0.061986,-1.176678
"2023-10-16 10:57:52.515 +0000",1697453872.515166,0.131949,-0.036785,-1.208518
"2023-10-16 10:57:52.525 +0000",1697453872.525171,0.103123,-0.021274,-1.244785
"2023-10-16 10:57:52.535 +0000",1697453872.535172,0.076552,-0.019576,-1.284348
"2023-10-16 10:57:52.545 +0000",1697453872.545174,0.056478,-0.029546,-1.329295
"2023-10-16 10:57:52.555 +0000",1697453872.555179,0.048293,-0.060650,-1.370083
"2023-10-16 10:57:52.565 +0000",1697453872.565180,0.070157,-0.121209,-1.399213
"2023-10-16 10:57:52.575 +0000",1697453872.575155,0.104681,-0.173026,-1.402626
"2023-10-16 10:57:52.585 +0000",1697453872.585188,0.130501,-0.205705,-1.392086
"2023-10-16 10:57:52.595 +0000",1697453872.595190,0.133964,-0.238540,-1.379556
"2023-10-16 10:57:52.605 +0000",1697453872.605192,0.115025,-0.263142,-1.384139
"2023-10-16 10:57:52.615 +0000",1697453872.615197,0.067515,-0.301960,-1.422039
"2023-10-16 10:57:52.625 +0000",1697453872.625197,0.010556,-0.351614,-1.484588
"2023-10-16 10:57:52.635 +0000",1697453872.635201,-0.028372,-0.393703,-1.548028
"2023-10-16 10:57:52.645 +0000",1697453872.645206,-0.041094,-0.388860,-1.613045
"2023-10-16 10:57:52.655 +0000",1697453872.655205,-0.034820,-0.366822,-1.668214
"2023-10-16 10:57:52.665 +0000",1697453872.665206,0.004269,-0.328435,-1.694283
"2023-10-16 10:57:52.675 +0000",1697453872.675214,0.069847,-0.279109,-1.699858
"2023-10-16 10:57:52.685 +0000",1697453872.685215,0.107989,-0.258631,-1.698386
"2023-10-16 10:57:52.695 +0000",1697453872.695197,0.082805,-0.300254,-1.698888
"2023-10-16 10:57:52.705 +0000",1697453872.705221,-0.015175,-0.414734,-1.712166
"2023-10-16 10:57:52.715 +0000",1697453872.715223,-0.138079,-0.597500,-1.744275
"2023-10-16 10:57:52.725 +0000",1697453872.725220,-0.221387,-0.801308,-1.792292
"2023-10-16 10:57:52.735 +0000",1697453872.735228,-0.232740,-0.955706,-1.839453
"2023-10-16 10:57:52.745 +0000",1697453872.745231,-0.171435,-1.022343,-1.868389
"2023-10-16 10:57:52.755 +0000",1697453872.755223,-0.060827,-1.008826,-1.878244
"2023-10-16 10:57:52.765 +0000",1697453872.765239,0.059948,-0.945145,-1.860988
"2023-10-16 10:57:52.775 +0000",1697453872.775240,0.158501,-0.900614,-1.819528
"2023-10-16 10:57:52.785 +0000",1697453872.785221,0.207443,-0.904263,-1.778777
"2023-10-16 10:57:52.795 +0000",1697453872.795248,0.189929,-0.973358,-1.763482
"2023-10-16 10:57:52.805 +0000",1697453872.805251,0.121866,-1.097286,-1.795827
"2023-10-16 10:57:52.815 +0000",1697453872.815248,0.019798,-1.219639,-1.879500
"2023-10-16 10:57:52.825 +0000",1697453872.825257,-0.107970,-1.319008,-1.997228
"2023-10-16 10:57:52.835 +0000",1697453872.835258,-0.225279,-1.392949,-2.140245
"2023-10-16 10:57:52.845 +0000",1697453872.845241,-0.296273,-1.408078,-2.277159
"2023-10-16 10:57:52.855 +0000",1697453872.855265,-0.305042,-1.363025,-2.374839
"2023-10-16 10:57:52.865 +0000",1697453872.865268,-0.261108,-1.273490,-2.380213
"2023-10-16 10:57:52.875 +0000",1697453872.875272,-0.185040,-1.220414,-2.301538
"2023-10-16 10:57:52.885 +0000",1697453872.885257,-0.072654,-1.188079,-2.182333
"2023-10-16 10:57:52.895 +0000",1697453872.895259,0.066304,-1.032220,-2.047022
"2023-10-16 10:57:52.905 +0000",1697453872.905280,0.115451,-0.829319,-1.927854
"2023-10-16 10:57:52.915 +0000",1697453872.915282,0.050360,-0.794294,-2.033422
"2023-10-16 10:57:52.925 +0000",1697453872.925285,-0.054271,-0.978629,-2.177280
"2023-10-16 10:57:52.935 +0000",1697453872.935289,-0.160510,-1.101344,-2.318504
"2023-10-16 10:57:52.945 +0000",1697453872.945290,-0.240167,-1.226827,-2.421238
"2023-10-16 10:57:52.955 +0000",1697453872.955293,-0.254485,-1.540202,-2.399436
"2023-10-16 10:57:52.965 +0000",1697453872.965228,-0.198958,-1.933594,-2.342716
"2023-10-16 10:57:52.975 +0000",1697453872.975214,-0.101177,-2.171447,-2.265264
"2023-10-16 10:57:52.985 +0000",1697453872.985215,-0.027677,-2.199839,-2.125501
"2023-10-16 10:57:52.995 +0000",1697453872.995214,0.034229,-2.041956,-1.723279
"2023-10-16 10:57:53.005 +0000",1697453873.005240,0.028438,-1.789743,-1.455974
"2023-10-16 10:57:53.015 +0000",1697453873.015239,-0.097152,-2.019649,-1.553471
"2023-10-16 10:57:53.025 +0000",1697453873.025245,-0.291353,-2.542784,-1.749705
"2023-10-16 10:57:53.035 +0000",1697453873.035236,-0.443436,-2.791822,-1.814504
"2023-10-16 10:57:53.045 +0000",1697453873.045238,-0.546534,-2.821938,-1.745088
"2023-10-16 10:57:53.055 +0000",1697453873.055255,-0.500924,-2.097324,-1.604553
"2023-10-16 10:57:53.065 +0000",1697453873.065231,-0.298694,-1.011804,-1.533544
"2023-10-16 10:57:53.075 +0000",1697453873.075232,-0.231872,-0.750688,-1.474499
"2023-10-16 10:57:53.085 +0000",1697453873.085265,-0.151876,-0.297018,-1.386074
"2023-10-16 10:57:53.095 +0000",1697453873.095261,-0.194842,-0.134694,-1.367944
"2023-10-16 10:57:53.105 +0000",1697453873.105262,-0.296056,-0.249045,-1.354610
"2023-10-16 10:57:53.115 +0000",1697453873.115271,-0.282954,-0.415474,-1.309045
"2023-10-16 10:57:53.125 +0000",1697453873.125274,-0.130663,-0.674301,-1.254866
"2023-10-16 10:57:53.135 +0000",1697453873.135275,0.113455,-0.966381,-1.190808
"2023-10-16 10:57:53.145 +0000",1697453873.145283,0.367052,-1.248760,-1.114893
"2023-10-16 10:57:53.155 +0000",1697453873.155283,0.524486,-1.371371,-1.026525
"2023-10-16 10:57:53.165 +0000",1697453873.165284,0.546998,-1.286621,-0.912767
"2023-10-16 10:57:53.175 +0000",1697453873.175291,0.503776,-1.113049,-0.785892
"2023-10-16 10:57:53.185 +0000",1697453873.185292,0.471944,-0.901207,-0.669281
"2023-10-16 10:57:53.195 +0000",1697453873.195293,0.529779,-0.840554,-0.542722
"2023-10-16 10:57:53.205 +0000",1697453873.205300,0.674187,-0.930469,-0.478663
"2023-10-16 10:57:53.215 +0000",1697453873.215283,0.712689,-0.821046,-0.528644
"2023-10-16 10:57:53.225 +0000",1697453873.225284,0.692607,-0.592848,-0.538586
"2023-10-16 10:57:53.235 +0000",1697453873.235292,0.752594,-0.402933,-0.474850
"2023-10-16 10:57:53.245 +0000",1697453873.245310,0.874680,-0.378172,-0.391866
"2023-10-16 10:57:53.255 +0000",1697453873.255311,0.976086,-0.544786,-0.308472
"2023-10-16 10:57:53.265 +0000",1697453873.265298,1.067882,-0.829399,-0.226121
"2023-10-16 10:57:53.275 +0000",1697453873.275321,1.137142,-1.090894,-0.158630
"2023-10-16 10:57:53.285 +0000",1697453873.285320,1.138041,-1.205216,-0.088207
"2023-10-16 10:57:53.295 +0000",1697453873.295296,0.993239,-0.977272,0.019317
"2023-10-16 10:57:53.305 +0000",1697453873.305328,0.923776,-0.709865,0.056266
"2023-10-16 10:57:53.315 +0000",1697453873.315329,0.911722,-0.430457,0.073431
"2023-10-16 10:57:53.325 +0000",1697453873.325325,0.780484,-0.162346,0.128112
"2023-10-16 10:57:53.335 +0000",1697453873.335337,0.576926,-0.018202,0.149356
"2023-10-16 10:57:53.345 +0000",1697453873.345339,0.328359,0.048762,0.108962
"2023-10-16 10:57:53.355 +0000",1697453873.355321,0.030294,0.061982,0.024139
"2023-10-16 10:57:53.365 +0000",1697453873.365347,-0.280197,0.037839,-0.075986
"2023-10-16 10:57:53.375 +0000",1697453873.375348,-0.512504,-0.044015,-0.152671
"2023-10-16 10:57:53.385 +0000",1697453873.385352,-0.600571,-0.195629,-0.170457
"2023-10-16 10:57:53.395 +0000",1697453873.395355,-0.536924,-0.421149,-0.120811
"2023-10-16 10:57:53.405 +0000",1697453873.405355,-0.315746,-0.651604,-0.025490
"2023-10-16 10:57:53.415 +0000",1697453873.415362,0.021463,-0.764194,0.093900
"2023-10-16 10:57:53.425 +0000",1697453873.425363,0.362515,-0.707838,0.213656
"2023-10-16 10:57:53.435 +0000",1697453873.435364,0.612755,-0.485625,0.289491
"2023-10-16 10:57:53.445 +0000",1697453873.445369,0.726137,-0.186140,0.309731
"2023-10-16 10:57:53.455 +0000",1697453873.455347,0.698358,0.069636,0.302102
"2023-10-16 10:57:53.465 +0000",1697453873.465346,0.599803,0.267357,0.266920
"2023-10-16 10:57:53.475 +0000",1697453873.475378,0.474359,0.380750,0.196783
"2023-10-16 10:57:53.485 +0000",1697453873.485381,0.331554,0.413172,0.108820
"2023-10-16 10:57:53.495 +0000",1697453873.495382,0.180731,0.387157,0.029908
"2023-10-16 10:57:53.505 +0000",1697453873.505387,0.055876,0.308388,-0.019456
"2023-10-16 10:57:53.515 +0000",1697453873.515379,-0.004708,0.179278,-0.039015
"2023-10-16 10:57:53.525 +0000",1697453873.525380,0.017897,0.028617,-0.034803
"2023-10-16 10:57:53.535 +0000",1697453873.535396,0.106234,-0.094868,-0.008654
"2023-10-16 10:57:53.545 +0000",1697453873.545377,0.214269,-0.158692,0.021310
"2023-10-16 10:57:53.555 +0000",1697453873.555381,0.294943,-0.136691,0.047558
"2023-10-16 10:57:53.565 +0000",1697453873.565405,0.323884,-0.041785,0.071962
"2023-10-16 10:57:53.575 +0000",1697453873.575390,0.308716,0.105904,0.095468
"2023-10-16 10:57:53.585 +0000",1697453873.585391,0.273342,0.252349,0.113512
"2023-10-16 10:57:53.595 +0000",1697453873.595413,0.243755,0.345717,0.131150
"2023-10-16 10:57:53.605 +0000",1697453873.605390,0.229579,0.379761,0.157976
"2023-10-16 10:57:53.615 +0000",1697453873.615391,0.241207,0.382212,0.199612
"2023-10-16 10:57:53.625 +0000",1697453873.625418,0.279358,0.392391,0.257455
"2023-10-16 10:57:53.635 +0000",1697453873.635407,0.330138,0.416563,0.330406
"2023-10-16 10:57:53.645 +0000",1697453873.645408,0.379895,0.436465,0.401185
"2023-10-16 10:57:53.655 +0000",1697453873.655431,0.447888,0.441593,0.465562
"2023-10-16 10:57:53.665 +0000",1697453873.665430,0.520056,0.456308,0.528979
"2023-10-16 10:57:53.675 +0000",1697453873.675431,0.558087,0.480292,0.585871
"2023-10-16 10:57:53.685 +0000",1697453873.685440,0.556775,0.501763,0.626521
"2023-10-16 10:57:53.695 +0000",1697453873.695442,0.519252,0.528170,0.648878
"2023-10-16 10:57:53.705 +0000",1697453873.705443,0.446509,0.566989,0.658338
"2023-10-16 10:57:53.715 +0000",1697453873.715449,0.370287,0.637677,0.672302
"2023-10-16 10:57:53.725 +0000",1697453873.725449,0.321440,0.740524,0.700552
"2023-10-16 10:57:53.735 +0000",1697453873.735451,0.300201,0.847949,0.750315
"2023-10-16 10:57:53.745 +0000",1697453873.745457,0.314214,0.936676,0.827837
"2023-10-16 10:57:53.755 +0000",1697453873.755458,0.378520,0.995001,0.910743
"2023-10-16 10:57:53.765 +0000",1697453873.765460,0.499533,1.019786,0.999047
"2023-10-16 10:57:53.775 +0000",1697453873.775466,0.646466,1.002268,1.087159
"2023-10-16 10:57:53.785 +0000",1697453873.785467,0.753389,0.937595,1.155457
"2023-10-16 10:57:53.795 +0000",1697453873.795469,0.778698,0.838109,1.187807
"2023-10-16 10:57:53.805 +0000",1697453873.805469,0.743491,0.726267,1.182397
"2023-10-16 10:57:53.815 +0000",1697453873.815476,0.686728,0.649170,1.150512
"2023-10-16 10:57:53.825 +0000",1697453873.825478,0.651888,0.622140,1.113854
"2023-10-16 10:57:53.835 +0000",1697453873.835466,0.645200,0.660201,1.090694
"2023-10-16 10:57:53.845 +0000",1697453873.845485,0.663514,0.757012,1.090549
"2023-10-16 10:57:53.855 +0000",1697453873.855486,0.705839,0.903038,1.119723
"2023-10-16 10:57:53.865 +0000",1697453873.865465,0.754204,1.085343,1.168410
"2023-10-16 10:57:53.875 +0000",1697453873.875494,0.814315,1.265543,1.205435
"2023-10-16 10:57:53.885 +0000",1697453873.885495,0.845841,1.434665,1.200647
"2023-10-16 10:57:53.895 +0000",1697453873.895492,0.791395,1.583705,1.140833
"2023-10-16 10:57:53.906 +0000",1697453873.905505,0.571457,1.671844,1.050727
"2023-10-16 10:57:53.916 +0000",1697453873.915802,0.157716,1.646913,0.947826
"2023-10-16 10:57:53.925 +0000",1697453873.925491,-0.282935,1.536715,0.831266
"2023-10-16 10:57:53.936 +0000",1697453873.935512,-0.532688,1.385502,0.724069
"2023-10-16 10:57:53.946 +0000",1697453873.945516,-0.545333,1.255579,0.685626
"2023-10-16 10:57:53.956 +0000",1697453873.955519,-0.350992,1.181816,0.722433
"2023-10-16 10:57:53.966 +0000",1697453873.965524,-0.040955,1.252867,0.851706
"2023-10-16 10:57:53.976 +0000",1697453873.975525,0.228541,1.442007,1.062668
"2023-10-16 10:57:53.986 +0000",1697453873.985528,0.385854,1.677064,1.275448
"2023-10-16 10:57:53.996 +0000",1697453873.995528,0.443204,1.788856,1.427996
"2023-10-16 10:57:54.006 +0000",1697453874.005533,0.488087,1.757719,1.497254
"2023-10-16 10:57:54.016 +0000",1697453874.015536,0.528417,1.649681,1.500865
"2023-10-16 10:57:54.026 +0000",1697453874.025525,0.525345,1.517803,1.479509
"2023-10-16 10:57:54.036 +0000",1697453874.035528,0.481813,1.386690,1.458973
"2023-10-16 10:57:54.046 +0000",1697453874.045545,0.417963,1.262966,1.456483
"2023-10-16 10:57:54.056 +0000",1697453874.055546,0.352861,1.158435,1.467992
"2023-10-16 10:57:54.066 +0000",1697453874.065550,0.312836,1.106200,1.488613
"2023-10-16 10:57:54.076 +0000",1697453874.075555,0.314037,1.090285,1.490619
"2023-10-16 10:57:54.086 +0000",1697453874.085550,0.363039,1.089486,1.472807
"2023-10-16 10:57:54.096 +0000",1697453874.095551,0.423798,1.084483,1.447576
"2023-10-16 10:57:54.106 +0000",1697453874.105563,0.472636,1.103819,1.421409
"2023-10-16 10:57:54.116 +0000",1697453874.115547,0.496437,1.183611,1.410503
"2023-10-16 10:57:54.126 +0000",1697453874.125549,0.477350,1.297120,1.407069
"2023-10-16 10:57:54.136 +0000",1697453874.135571,0.449577,1.432777,1.386722
"2023-10-16 10:57:54.146 +0000",1697453874.145545,0.406959,1.566050,1.340698
"2023-10-16 10:57:54.156 +0000",1697453874.155547,0.348783,1.654518,1.282488
"2023-10-16 10:57:54.166 +0000",1697453874.165580,0.304921,1.687879,1.229233
"2023-10-16 10:57:54.176 +0000",1697453874.175574,0.295550,1.667500,1.207700
"2023-10-16 10:57:54.186 +0000",1697453874.185575,0.345049,1.603200,1.230906
"2023-10-16 10:57:54.196 +0000",1697453874.195590,0.460677,1.517331,1.296951
"2023-10-16 10:57:54.206 +0000",1697453874.205568,0.624150,1.434087,1.387814
"2023-10-16 10:57:54.216 +0000",1697453874.215569,0.787290,1.389075,1.476863
"2023-10-16 10:57:54.226 +0000",1697453874.225597,0.901151,1.382886,1.545691
"2023-10-16 10:57:54.236 +0000",1697453874.235602,0.973412,1.391086,1.584555
"2023-10-16 10:57:54.246 +0000",1697453874.245601,1.005116,1.415821,1.595609
"2023-10-16 10:57:54.256 +0000",1697453874.255579,0.979278,1.450619,1.584022
"2023-10-16 10:57:54.266 +0000",1697453874.265609,0.918362,1.480861,1.564722
"2023-10-16 10:57:54.276 +0000",1697453874.275611,0.848142,1.478147,1.553613
"2023-10-16 10:57:54.286 +0000",1697453874.285613,0.809220,1.424747,1.555057
"2023-10-16 10:57:54.296 +0000",1697453874.295619,0.831293,1.332588,1.572535
"2023-10-16 10:57:54.306 +0000",1697453874.305619,0.902255,1.249301,1.591455
"2023-10-16 10:57:54.316 +0000",1697453874.315623,0.967660,1.194596,1.599927
"2023-10-16 10:57:54.326 +0000",1697453874.325625,0.993295,1.188291,1.578728
"2023-10-16 10:57:54.336 +0000",1697453874.335627,0.956817,1.225048,1.552178
"2023-10-16 10:57:54.346 +0000",1697453874.345607,0.867027,1.273036,1.515804
"2023-10-16 10:57:54.356 +0000",1697453874.355622,0.762613,1.290074,1.473756
"2023-10-16 10:57:54.366 +0000",1697453874.365622,0.684187,1.258393,1.424006
"2023-10-16 10:57:54.376 +0000",1697453874.375634,0.632445,1.221497,1.356269
"2023-10-16 10:57:54.386 +0000",1697453874.385646,0.525361,1.187231,1.263711
"2023-10-16 10:57:54.396 +0000",1697453874.395645,0.323674,1.138388,1.160860
"2023-10-16 10:57:54.406 +0000",1697453874.405642,0.113637,1.067289,1.078010
"2023-10-16 10:57:54.416 +0000",1697453874.415656,0.018466,0.998452,1.054478
"2023-10-16 10:57:54.426 +0000",1697453874.425656,0.164404,0.977580,1.114860
"2023-10-16 10:57:54.436 +0000",1697453874.435649,0.576816,1.023018,1.275445
"2023-10-16 10:57:54.446 +0000",1697453874.445664,1.144352,1.212381,1.507429
"2023-10-16 10:57:54.456 +0000",1697453874.455665,1.665845,1.553334,1.742520
"2023-10-16 10:57:54.466 +0000",1697453874.465658,1.962013,1.866645,1.897160
"2023-10-16 10:57:54.476 +0000",1697453874.475673,2.000701,2.063621,1.923540
"2023-10-16 10:57:54.486 +0000",1697453874.485674,1.811243,2.196603,1.832930
"2023-10-16 10:57:54.496 +0000",1697453874.495659,1.474405,2.274916,1.664256
"2023-10-16 10:57:54.506 +0000",1697453874.505682,1.131885,2.272457,1.497005
"2023-10-16 10:57:54.516 +0000",1697453874.515684,0.898432,2.206310,1.382095
"2023-10-16 10:57:54.526 +0000",1697453874.525683,0.793738,2.134097,1.338237
"2023-10-16 10:57:54.536 +0000",1697453874.535702,0.808218,2.056798,1.363248
"2023-10-16 10:57:54.546 +0000",1697453874.545689,0.923598,1.996517,1.445483
"2023-10-16 10:57:54.556 +0000",1697453874.555696,1.073779,1.966496,1.571859
"2023-10-16 10:57:54.566 +0000",1697453874.565698,1.193860,1.968177,1.707900
"2023-10-16 10:57:54.576 +0000",1697453874.575699,1.285188,1.973799,1.827817
"2023-10-16 10:57:54.586 +0000",1697453874.585704,1.340446,1.970468,1.915480
"2023-10-16 10:57:54.596 +0000",1697453874.595707,1.337377,1.947385,1.969595
"2023-10-16 10:57:54.606 +0000",1697453874.605707,1.280363,1.891779,1.980496
"2023-10-16 10:57:54.616 +0000",1697453874.615713,1.182136,1.808015,1.951495
"2023-10-16 10:57:54.626 +0000",1697453874.625699,1.069318,1.691120,1.907214
"2023-10-16 10:57:54.636 +0000",1697453874.635700,0.983489,1.530888,1.865935
"2023-10-16 10:57:54.646 +0000",1697453874.645722,0.943246,1.392247,1.825118
"2023-10-16 10:57:54.656 +0000",1697453874.655706,0.955801,1.291566,1.850988
"2023-10-16 10:57:54.666 +0000",1697453874.665707,1.008948,1.294310,1.889688
"2023-10-16 10:57:54.676 +0000",1697453874.675731,1.116068,1.379770,1.648192
"2023-10-16 10:57:54.686 +0000",1697453874.685718,1.201777,1.515823,1.918292
"2023-10-16 10:57:54.696 +0000",1697453874.695719,1.258257,1.712048,2.159951
"2023-10-16 10:57:54.706 +0000",1697453874.705740,1.244156,1.992153,2.116391
"2023-10-16 10:57:54.716 +0000",1697453874.715715,1.217431,2.113508,2.193933
"2023-10-16 10:57:54.726 +0000",1697453874.725715,1.169774,2.082445,2.211488
"2023-10-16 10:57:54.736 +0000",1697453874.735748,1.074373,2.043231,2.166896
"2023-10-16 10:57:54.746 +0000",1697453874.745738,0.909744,1.998510,2.178287
"2023-10-16 10:57:54.756 +0000",1697453874.755740,0.715327,1.953499,2.177774
"2023-10-16 10:57:54.766 +0000",1697453874.765758,0.513509,1.903107,2.175039
"2023-10-16 10:57:54.776 +0000",1697453874.775740,0.323491,1.841161,2.179738
"2023-10-16 10:57:54.786 +0000",1697453874.785741,0.151492,1.783753,2.211217
"2023-10-16 10:57:54.796 +0000",1697453874.795766,-0.014258,1.735136,2.285416
"2023-10-16 10:57:54.806 +0000",1697453874.805768,-0.185438,1.689967,2.411807
"2023-10-16 10:57:54.816 +0000",1697453874.815771,-0.343048,1.671600,2.563005
"2023-10-16 10:57:54.826 +0000",1697453874.825776,-0.479004,1.735128,2.702237
"2023-10-16 10:57:54.836 +0000",1697453874.835776,-0.613376,1.863383,2.826038
"2023-10-16 10:57:54.846 +0000",1697453874.845779,-0.761988,2.039277,2.939497
"2023-10-16 10:57:54.856 +0000",1697453874.855784,-0.943051,2.274398,3.048986
"2023-10-16 10:57:54.866 +0000",1697453874.865786,-1.163618,2.517893,3.188127
"2023-10-16 10:57:54.876 +0000",1697453874.875787,-1.392062,2.682908,3.360653
"2023-10-16 10:57:54.886 +0000",1697453874.885792,-1.578898,2.714434,3.542977
"2023-10-16 10:57:54.896 +0000",1697453874.895794,-1.686992,2.631700,3.705663
"2023-10-16 10:57:54.906 +0000",1697453874.905795,-1.747482,2.471430,3.809411
"2023-10-16 10:57:54.916 +0000",1697453874.915776,-1.830143,2.301052,3.846893
"2023-10-16 10:57:54.926 +0000",1697453874.925804,-1.983584,2.196841,3.844010
"2023-10-16 10:57:54.936 +0000",1697453874.935805,-2.171658,2.162311,3.810601
"2023-10-16 10:57:54.946 +0000",1697453874.945806,-2.251970,2.213846,3.824381
"2023-10-16 10:57:54.956 +0000",1697453874.955789,-2.102769,2.418548,3.942054
"2023-10-16 10:57:54.966 +0000",1697453874.965789,-1.643332,2.798234,4.157909
"2023-10-16 10:57:54.976 +0000",1697453874.975792,-0.951977,3.190451,4.404066
"2023-10-16 10:57:54.986 +0000",1697453874.985823,-0.226563,3.470026,4.600496
"2023-10-16 10:57:54.996 +0000",1697453874.995825,0.338042,3.654252,4.682222
"2023-10-16 10:57:55.006 +0000",1697453875.005802,0.689532,3.757677,4.660760
"2023-10-16 10:57:55.016 +0000",1697453875.015832,0.970394,3.796319,4.549907
"2023-10-16 10:57:55.026 +0000",1697453875.025833,1.260258,3.785937,4.400354
"2023-10-16 10:57:55.036 +0000",1697453875.035828,1.575942,3.743901,4.254958
"2023-10-16 10:57:55.046 +0000",1697453875.045839,1.948896,3.725692,4.114376
"2023-10-16 10:57:55.056 +0000",1697453875.055840,2.360739,3.767171,3.957488
"2023-10-16 10:57:55.066 +0000",1697453875.065827,2.779600,3.864778,3.760632
"2023-10-16 10:57:55.076 +0000",1697453875.075848,3.183207,4.010846,3.512955
"2023-10-16 10:57:55.086 +0000",1697453875.085849,3.496136,4.197029,3.154267
"2023-10-16 10:57:55.096 +0000",1697453875.095836,3.695816,4.309037,2.791065
"2023-10-16 10:57:55.106 +0000",1697453875.105828,3.808039,4.315322,2.445614
"2023-10-16 10:57:55.116 +0000",1697453875.115828,3.872171,4.222411,2.093714
"2023-10-16 10:57:55.126 +0000",1697453875.125862,3.963406,4.061089,1.818108
"2023-10-16 10:57:55.136 +0000",1697453875.135865,4.114192,3.774187,1.611065
"2023-10-16 10:57:55.146 +0000",1697453875.145866,4.291860,3.327340,1.450791
"2023-10-16 10:57:55.156 +0000",1697453875.155872,4.460513,2.810503,1.323966
"2023-10-16 10:57:55.166 +0000",1697453875.165851,4.569593,2.294096,1.164818
"2023-10-16 10:57:55.176 +0000",1697453875.175852,4.573350,1.788998,0.892199
"2023-10-16 10:57:55.186 +0000",1697453875.185882,4.425096,1.279904,0.491844
"2023-10-16 10:57:55.196 +0000",1697453875.195885,4.114651,0.830647,-0.007018
"2023-10-16 10:57:55.206 +0000",1697453875.205887,3.674953,0.559739,-0.544608
"2023-10-16 10:57:55.216 +0000",1697453875.215889,3.145433,0.568921,-1.030357
"2023-10-16 10:57:55.226 +0000",1697453875.225895,2.576320,0.831112,-1.435417
"2023-10-16 10:57:55.236 +0000",1697453875.235894,2.028992,1.146985,-1.770656
"2023-10-16 10:57:55.246 +0000",1697453875.245898,1.523932,1.370962,-2.069116
"2023-10-16 10:57:55.256 +0000",1697453875.255877,1.076624,1.432148,-2.301464
"2023-10-16 10:57:55.266 +0000",1697453875.265876,0.718690,1.365852,-2.465081
"2023-10-16 10:57:55.276 +0000",1697453875.275907,0.475021,1.246650,-2.555996
"2023-10-16 10:57:55.286 +0000",1697453875.285907,0.286815,1.094584,-2.522210
"2023-10-16 10:57:55.296 +0000",1697453875.295907,0.064876,0.884539,-2.366615
"2023-10-16 10:57:55.306 +0000",1697453875.305918,-0.222436,0.591529,-2.143942
"2023-10-16 10:57:55.316 +0000",1697453875.315920,-0.530763,0.261379,-1.886555
"2023-10-16 10:57:55.326 +0000",1697453875.325919,-0.826545,-0.047270,-1.601216
"2023-10-16 10:57:55.336 +0000",1697453875.335925,-1.108988,-0.295383,-1.336595
"2023-10-16 10:57:55.346 +0000",1697453875.345915,-1.372040,-0.442625,-1.106166
"2023-10-16 10:57:55.356 +0000",1697453875.355915,-1.600460,-0.526103,-0.916535
"2023-10-16 10:57:55.366 +0000",1697453875.365934,-1.733358,-0.569806,-0.769656
"2023-10-16 10:57:55.376 +0000",1697453875.375910,-1.743962,-0.595709,-0.642111
"2023-10-16 10:57:55.386 +0000",1697453875.385909,-1.674731,-0.618956,-0.525766
"2023-10-16 10:57:55.396 +0000",1697453875.395943,-1.587360,-0.649423,-0.395522
"2023-10-16 10:57:55.406 +0000",1697453875.405947,-1.550899,-0.702541,-0.258324
"2023-10-16 10:57:55.416 +0000",1697453875.415946,-1.583525,-0.770946,-0.103574
"2023-10-16 10:57:55.426 +0000",1697453875.425950,-1.661930,-0.840696,0.061535
"2023-10-16 10:57:55.436 +0000",1697453875.435956,-1.775153,-0.941664,0.200603
"2023-10-16 10:57:55.446 +0000",1697453875.445955,-1.919823,-1.089908,0.287951
"2023-10-16 10:57:55.456 +0000",1697453875.455958,-2.056761,-1.261762,0.324020
"2023-10-16 10:57:55.466 +0000",1697453875.465962,-2.144067,-1.386541,0.353332
"2023-10-16 10:57:55.476 +0000",1697453875.475963,-2.166685,-1.484231,0.390726
"2023-10-16 10:57:55.486 +0000",1697453875.485940,-2.083765,-1.481140,0.450918
"2023-10-16 10:57:55.496 +0000",1697453875.495954,-1.965018,-1.328565,0.595664
"2023-10-16 10:57:55.506 +0000",1697453875.505953,-1.929422,-1.173065,0.802767
"2023-10-16 10:57:55.516 +0000",1697453875.515976,-2.033976,-1.060032,1.011845
"2023-10-16 10:57:55.526 +0000",1697453875.525981,-2.285151,-0.975850,1.197405
"2023-10-16 10:57:55.536 +0000",1697453875.535980,-2.698413,-0.970810,1.317388
"2023-10-16 10:57:55.546 +0000",1697453875.545971,-3.184829,-1.100887,1.313293
"2023-10-16 10:57:55.556 +0000",1697453875.555990,-3.660482,-1.352457,1.228361
"2023-10-16 10:57:55.566 +0000",1697453875.565991,-4.038661,-1.791428,1.127559
"2023-10-16 10:57:55.576 +0000",1697453875.575970,-4.217039,-2.325185,1.095379
"2023-10-16 10:57:55.586 +0000",1697453875.585999,-4.201061,-2.835260,1.233971
"2023-10-16 10:57:55.596 +0000",1697453875.595999,-4.108138,-3.278182,1.496099
"2023-10-16 10:57:55.606 +0000",1697453875.606004,-3.963873,-3.518438,1.833732
"2023-10-16 10:57:55.616 +0000",1697453875.616008,-3.896126,-3.532903,2.185555
"2023-10-16 10:57:55.626 +0000",1697453875.626007,-3.991120,-3.427935,2.457473
"2023-10-16 10:57:55.636 +0000",1697453875.635997,-4.243357,-3.335557,2.591964
"2023-10-16 10:57:55.646 +0000",1697453875.646017,-4.521343,-3.310334,2.536126
"2023-10-16 10:57:55.656 +0000",1697453875.656018,-4.659858,-3.255421,2.289659
"2023-10-16 10:57:55.666 +0000",1697453875.666018,-4.700298,-3.079205,1.950004
"2023-10-16 10:57:55.676 +0000",1697453875.676028,-4.793425,-2.725821,1.635999
"2023-10-16 10:57:55.686 +0000",1697453875.686026,-4.928369,-2.238151,1.450680
"2023-10-16 10:57:55.696 +0000",1697453875.696007,-5.007307,-1.727948,1.416091
"2023-10-16 10:57:55.706 +0000",1697453875.706035,-4.899627,-1.387011,1.447293
"2023-10-16 10:57:55.716 +0000",1697453875.716036,-4.628949,-1.304034,1.484812
"2023-10-16 10:57:55.726 +0000",1697453875.726035,-4.388377,-1.426444,1.500196
"2023-10-16 10:57:55.736 +0000",1697453875.736041,-4.256061,-1.575526,1.451839
"2023-10-16 10:57:55.746 +0000",1697453875.746042,-4.158250,-1.541482,1.333423
"2023-10-16 10:57:55.756 +0000",1697453875.756022,-4.022637,-1.317309,1.160368
"2023-10-16 10:57:55.766 +0000",1697453875.766035,-3.823574,-1.044858,0.987042
"2023-10-16 10:57:55.776 +0000",1697453875.776036,-3.549744,-0.805671,0.843728
"2023-10-16 10:57:55.786 +0000",1697453875.786058,-3.206481,-0.598726,0.730403
"2023-10-16 10:57:55.796 +0000",1697453875.796058,-2.863677,-0.340739,0.626021
"2023-10-16 10:57:55.806 +0000",1697453875.806059,-2.610007,0.016082,0.459062
"2023-10-16 10:57:55.816 +0000",1697453875.816067,-2.438170,0.498047,0.176529
"2023-10-16 10:57:55.826 +0000",1697453875.826056,-2.297329,1.013113,-0.220964
"2023-10-16 10:57:55.836 +0000",1697453875.836056,-2.136646,1.460008,-0.675359
"2023-10-16 10:57:55.846 +0000",1697453875.846074,-1.931503,1.931802,-1.106902
"2023-10-16 10:57:55.856 +0000",1697453875.856055,-1.685840,2.498054,-1.422363
"2023-10-16 10:57:55.866 +0000",1697453875.866054,-1.376936,3.110310,-1.579396
"2023-10-16 10:57:55.876 +0000",1697453875.876083,-0.966298,3.636808,-1.633187
"2023-10-16 10:57:55.886 +0000",1697453875.886083,-0.448699,3.978384,-1.653768
"2023-10-16 10:57:55.896 +0000",1697453875.896083,0.098453,4.087122,-1.559996
"2023-10-16 10:57:55.906 +0000",1697453875.906092,0.561643,3.779006,-1.244387
"2023-10-16 10:57:55.916 +0000",1697453875.916080,0.945124,3.073597,-0.820732
"2023-10-16 10:57:55.926 +0000",1697453875.926079,1.339172,2.142742,-0.450020
"2023-10-16 10:57:55.936 +0000",1697453875.936100,1.785865,1.056447,-0.205972
"2023-10-16 10:57:55.946 +0000",1697453875.946097,2.234107,0.065812,-0.140075
"2023-10-16 10:57:55.956 +0000",1697453875.956098,2.560709,-0.518142,-0.135459
"2023-10-16 10:57:55.966 +0000",1697453875.966110,2.589227,-0.386712,-0.040448
"2023-10-16 10:57:55.976 +0000",1697453875.976106,2.475787,0.384614,0.116534
"2023-10-16 10:57:55.986 +0000",1697453875.986105,2.495353,1.282364,0.286045
"2023-10-16 10:57:55.996 +0000",1697453875.996119,2.753454,1.937244,0.401749
"2023-10-16 10:57:56.006 +0000",1697453876.006104,3.172614,2.207164,0.425766
"2023-10-16 10:57:56.016 +0000",1697453876.016104,3.547645,2.171720,0.425663
"2023-10-16 10:57:56.026 +0000",1697453876.026113,3.761622,1.940248,0.353690
"2023-10-16 10:57:56.036 +0000",1697453876.036102,3.827963,1.689994,0.163473
"2023-10-16 10:57:56.046 +0000",1697453876.046101,3.822882,1.587414,-0.117567
"2023-10-16 10:57:56.056 +0000",1697453876.056120,3.819649,1.639897,-0.407956
"2023-10-16 10:57:56.066 +0000",1697453876.066115,3.881732,1.873073,-0.582457
"2023-10-16 10:57:56.076 +0000",1697453876.076115,4.017845,2.250309,-0.557168
"2023-10-16 10:57:56.086 +0000",1697453876.086114,4.208958,2.520512,-0.372647
"2023-10-16 10:57:56.096 +0000",1697453876.096126,4.403735,2.490224,-0.166105
"2023-10-16 10:57:56.106 +0000",1697453876.106129,4.539509,2.158458,-0.027417
"2023-10-16 10:57:56.116 +0000",1697453876.116142,4.582428,1.620632,0.053588
"2023-10-16 10:57:56.126 +0000",1697453876.126158,4.635998,1.220409,0.033543
"2023-10-16 10:57:56.136 +0000",1697453876.136160,4.706301,1.104760,-0.031963
"2023-10-16 10:57:56.146 +0000",1697453876.146140,4.742188,1.269414,-0.080435
"2023-10-16 10:57:56.156 +0000",1697453876.156167,4.706574,1.581015,-0.161148
"2023-10-16 10:57:56.166 +0000",1697453876.166168,4.605703,1.932381,-0.262174
"2023-10-16 10:57:56.176 +0000",1697453876.176166,4.459543,2.219958,-0.312880
"2023-10-16 10:57:56.186 +0000",1697453876.186177,4.306132,2.356845,-0.325473
"2023-10-16 10:57:56.196 +0000",1697453876.196177,4.141794,2.396198,-0.288880
"2023-10-16 10:57:56.206 +0000",1697453876.206180,3.957681,2.373107,-0.185820
"2023-10-16 10:57:56.216 +0000",1697453876.216183,3.795709,2.248357,-0.054709
"2023-10-16 10:57:56.226 +0000",1697453876.226184,3.685878,2.007048,0.060841
"2023-10-16 10:57:56.236 +0000",1697453876.236164,3.570973,1.739085,0.166551
"2023-10-16 10:57:56.246 +0000",1697453876.246192,3.372598,1.400347,0.265828
"2023-10-16 10:57:56.256 +0000",1697453876.256192,3.131198,0.999372,0.313191
"2023-10-16 10:57:56.266 +0000",1697453876.266199,2.913703,0.681892,0.254874
"2023-10-16 10:57:56.276 +0000",1697453876.276202,2.682331,0.498927,0.144330
"2023-10-16 10:57:56.286 +0000",1697453876.286200,2.409663,0.411299,0.039650
"2023-10-16 10:57:56.296 +0000",1697453876.296208,2.139615,0.381324,-0.018728
"2023-10-16 10:57:56.306 +0000",1697453876.306187,1.887286,0.385786,-0.023449
"2023-10-16 10:57:56.316 +0000",1697453876.316187,1.629207,0.432910,0.008367
"2023-10-16 10:57:56.326 +0000",1697453876.326215,1.360380,0.487537,0.065745
"2023-10-16 10:57:56.336 +0000",1697453876.336200,1.073950,0.487782,0.110843
"2023-10-16 10:57:56.346 +0000",1697453876.346199,0.792571,0.403914,0.116924
"2023-10-16 10:57:56.356 +0000",1697453876.356223,0.546961,0.257283,0.061986
"2023-10-16 10:57:56.366 +0000",1697453876.366198,0.313939,0.135071,-0.011844
"2023-10-16 10:57:56.376 +0000",1697453876.376198,0.061358,0.055307,-0.068399
"2023-10-16 10:57:56.386 +0000",1697453876.386211,-0.174607,0.018329,-0.095733
"2023-10-16 10:57:56.396 +0000",1697453876.396226,-0.377776,0.000850,-0.100333
"2023-10-16 10:57:56.406 +0000",1697453876.406225,-0.573527,-0.015414,-0.087832
"2023-10-16 10:57:56.416 +0000",1697453876.416235,-0.814791,-0.063817,-0.063099
"2023-10-16 10:57:56.426 +0000",1697453876.426245,-1.113863,-0.194533,-0.052191
"2023-10-16 10:57:56.436 +0000",1697453876.436245,-1.426121,-0.392531,-0.085600
"2023-10-16 10:57:56.446 +0000",1697453876.446249,-1.704479,-0.562953,-0.170765
"2023-10-16 10:57:56.456 +0000",1697453876.456254,-1.965448,-0.647379,-0.288128
"2023-10-16 10:57:56.466 +0000",1697453876.466254,-2.286073,-0.601713,-0.428212
"2023-10-16 10:57:56.476 +0000",1697453876.476236,-2.688788,-0.418630,-0.581508
"2023-10-16 10:57:56.486 +0000",1697453876.486261,-3.134868,-0.140459,-0.769433
"2023-10-16 10:57:56.496 +0000",1697453876.496263,-3.589113,0.225598,-0.997156
"2023-10-16 10:57:56.506 +0000",1697453876.506264,-3.954531,0.660284,-1.229083
"2023-10-16 10:57:56.516 +0000",1697453876.516270,-4.127873,1.035057,-1.414515
"2023-10-16 10:57:56.526 +0000",1697453876.526272,-4.164438,1.215852,-1.517627
"2023-10-16 10:57:56.536 +0000",1697453876.536279,-4.146006,1.173636,-1.493365
"2023-10-16 10:57:56.546 +0000",1697453876.546279,-4.100545,0.937035,-1.315031
"2023-10-16 10:57:56.556 +0000",1697453876.556281,-4.035725,0.418564,-1.037728
"2023-10-16 10:57:56.566 +0000",1697453876.566288,-3.936189,-0.305404,-0.701203
"2023-10-16 10:57:56.576 +0000",1697453876.576289,-3.832148,-1.055953,-0.374459
"2023-10-16 10:57:56.586 +0000",1697453876.586291,-3.842244,-1.640150,-0.159950
"2023-10-16 10:57:56.596 +0000",1697453876.596287,-4.080263,-1.935074,-0.148967
"2023-10-16 10:57:56.606 +0000",1697453876.606297,-4.525210,-2.035921,-0.296367
"2023-10-16 10:57:56.616 +0000",1697453876.616298,-4.969134,-2.118122,-0.527758
"2023-10-16 10:57:56.626 +0000",1697453876.626284,-5.229712,-2.221497,-0.799734
"2023-10-16 10:57:56.636 +0000",1697453876.636306,-5.235285,-2.154877,-1.030367
"2023-10-16 10:57:56.646 +0000",1697453876.646310,-5.011692,-1.905007,-1.098272
"2023-10-16 10:57:56.656 +0000",1697453876.656294,-4.625741,-1.501086,-1.006235
"2023-10-16 10:57:56.666 +0000",1697453876.666316,-4.190923,-1.098476,-0.836146
"2023-10-16 10:57:56.676 +0000",1697453876.676319,-3.799941,-0.792959,-0.682050
"2023-10-16 10:57:56.686 +0000",1697453876.686296,-3.428747,-0.642216,-0.629496
"2023-10-16 10:57:56.696 +0000",1697453876.696325,-3.036714,-0.537823,-0.719938
"2023-10-16 10:57:56.706 +0000",1697453876.706327,-2.717204,-0.400585,-0.916014
"2023-10-16 10:57:56.716 +0000",1697453876.716301,-2.493619,-0.129129,-1.109435
"2023-10-16 10:57:56.726 +0000",1697453876.726335,-2.274238,0.243709,-1.217886
"2023-10-16 10:57:56.736 +0000",1697453876.736337,-1.988087,0.508332,-1.203258
"2023-10-16 10:57:56.746 +0000",1697453876.746338,-1.588088,0.514312,-1.052666
"2023-10-16 10:57:56.756 +0000",1697453876.756342,-1.056413,0.306945,-0.856164
"2023-10-16 10:57:56.766 +0000",1697453876.766343,-0.458154,0.040337,-0.702353
"2023-10-16 10:57:56.776 +0000",1697453876.776349,0.021878,-0.087289,-0.612030
"2023-10-16 10:57:56.786 +0000",1697453876.786353,0.272747,-0.049173,-0.590985
"2023-10-16 10:57:56.796 +0000",1697453876.796352,0.320001,0.030659,-0.625180
"2023-10-16 10:57:56.806 +0000",1697453876.806357,0.332716,0.052537,-0.716528
"2023-10-16 10:57:56.816 +0000",1697453876.816362,0.360869,0.020122,-0.847646
"2023-10-16 10:57:56.826 +0000",1697453876.826361,0.365408,0.008807,-0.973409
"2023-10-16 10:57:56.836 +0000",1697453876.836367,0.300904,0.102135,-1.101923
"2023-10-16 10:57:56.846 +0000",1697453876.846369,0.160736,0.329697,-1.251092
"2023-10-16 10:57:56.856 +0000",1697453876.856368,-0.004293,0.599587,-1.396868
"2023-10-16 10:57:56.866 +0000",1697453876.866373,-0.105459,0.751931,-1.560270
"2023-10-16 10:57:56.876 +0000",1697453876.876349,0.010770,0.760241,-1.743765
"2023-10-16 10:57:56.886 +0000",1697453876.886351,0.291703,0.800664,-1.914255
"2023-10-16 10:57:56.896 +0000",1697453876.896382,0.510108,0.926802,-2.062048
"2023-10-16 10:57:56.906 +0000",1697453876.906368,0.542378,1.147466,-2.156946
"2023-10-16 10:57:56.916 +0000",1697453876.916368,0.414800,1.492840,-2.156991
"2023-10-16 10:57:56.926 +0000",1697453876.926392,0.254014,1.832609,-1.980461
"2023-10-16 10:57:56.936 +0000",1697453876.936366,0.269004,1.881646,-1.601805
"2023-10-16 10:57:56.946 +0000",1697453876.946366,0.544794,1.553853,-1.139455
"2023-10-16 10:57:56.956 +0000",1697453876.956399,0.959543,0.928230,-0.737311
"2023-10-16 10:57:56.966 +0000",1697453876.966394,1.399772,0.334879,-0.482807
"2023-10-16 10:57:56.976 +0000",1697453876.976394,1.803060,-0.154240,-0.343774
"2023-10-16 10:57:56.986 +0000",1697453876.986411,1.999257,-0.564643,-0.287389
"2023-10-16 10:57:56.996 +0000",1697453876.996392,1.889479,-0.283683,-0.427404
"2023-10-16 10:57:57.006 +0000",1697453877.006392,1.984945,0.280834,-0.664983
"2023-10-16 10:57:57.016 +0000",1697453877.016418,2.054546,0.612341,-0.745944
"2023-10-16 10:57:57.026 +0000",1697453877.026420,2.047376,0.837026,-0.829335
"2023-10-16 10:57:57.036 +0000",1697453877.036419,2.002580,0.988946,-0.955109
"2023-10-16 10:57:57.046 +0000",1697453877.046421,1.924904,0.992355,-1.000301
"2023-10-16 10:57:57.056 +0000",1697453877.056432,1.933526,0.739506,-1.013005
"2023-10-16 10:57:57.066 +0000",1697453877.066431,2.062471,0.240032,-1.024888
"2023-10-16 10:57:57.076 +0000",1697453877.076438,2.264340,-0.436500,-1.069750
"2023-10-16 10:57:57.086 +0000",1697453877.086427,2.473129,-0.914876,-1.210920
"2023-10-16 10:57:57.096 +0000",1697453877.096426,2.568382,-0.930514,-1.467179
"2023-10-16 10:57:57.106 +0000",1697453877.106447,2.517147,-0.501292,-1.764315
"2023-10-16 10:57:57.116 +0000",1697453877.116442,2.455596,0.238626,-1.963058
"2023-10-16 10:57:57.126 +0000",1697453877.126443,2.470959,0.926744,-2.032863
"2023-10-16 10:57:57.136 +0000",1697453877.136453,2.504989,1.296649,-2.041290
"2023-10-16 10:57:57.146 +0000",1697453877.146428,2.447513,1.298250,-2.057611
"2023-10-16 10:57:57.156 +0000",1697453877.156428,2.259255,1.041688,-2.090739
"2023-10-16 10:57:57.166 +0000",1697453877.166445,1.985844,0.657195,-2.091373
"2023-10-16 10:57:57.176 +0000",1697453877.176438,1.740281,0.105953,-1.936635
"2023-10-16 10:57:57.186 +0000",1697453877.186441,1.813776,-0.566012,-1.575339
"2023-10-16 10:57:57.196 +0000",1697453877.196453,2.460709,-1.110336,-1.008101
"2023-10-16 10:57:57.206 +0000",1697453877.206457,3.460444,-1.247334,-0.268047
"2023-10-16 10:57:57.216 +0000",1697453877.216460,4.323454,-0.964738,0.458675
"2023-10-16 10:57:57.226 +0000",1697453877.226450,4.760250,-0.488661,1.023522
"2023-10-16 10:57:57.236 +0000",1697453877.236464,4.849618,0.077761,1.308945
"2023-10-16 10:57:57.246 +0000",1697453877.246468,4.707657,0.721772,1.347516
"2023-10-16 10:57:57.256 +0000",1697453877.256469,4.384634,1.498262,1.381808
"2023-10-16 10:57:57.266 +0000",1697453877.266463,4.008048,2.274626,1.647986
"2023-10-16 10:57:57.276 +0000",1697453877.276463,3.720830,2.882472,2.236077
"2023-10-16 10:57:57.286 +0000",1697453877.286477,3.657541,3.158938,3.099753
"2023-10-16 10:57:57.297 +0000",1697453877.296501,3.856724,2.987473,4.058259
"2023-10-16 10:57:57.307 +0000",1697453877.306501,4.229323,2.360893,4.902201
"2023-10-16 10:57:57.317 +0000",1697453877.316505,4.617936,1.523838,5.518663
"2023-10-16 10:57:57.327 +0000",1697453877.326510,4.832885,0.867766,5.873511
"2023-10-16 10:57:57.337 +0000",1697453877.336510,4.768539,0.655624,6.014086
"2023-10-16 10:57:57.347 +0000",1697453877.346516,4.477659,0.813625,5.972057
"2023-10-16 10:57:57.357 +0000",1697453877.356519,4.047957,1.159103,5.828468
"2023-10-16 10:57:57.367 +0000",1697453877.366519,3.581531,1.564868,5.686218
"2023-10-16 10:57:57.376 +0000",1697453877.376499,3.131726,2.010318,5.588076
"2023-10-16 10:57:57.387 +0000",1697453877.386526,2.755832,2.398081,5.522934
"2023-10-16 10:57:57.397 +0000",1697453877.396528,2.488403,2.669038,5.510751
"2023-10-16 10:57:57.407 +0000",1697453877.406535,2.369136,2.785339,5.568504
"2023-10-16 10:57:57.417 +0000",1697453877.416520,2.390224,2.791405,5.672011
"2023-10-16 10:57:57.427 +0000",1697453877.426522,2.508804,2.727015,5.774470
"2023-10-16 10:57:57.437 +0000",1697453877.436542,2.643972,2.600823,5.823257
"2023-10-16 10:57:57.447 +0000",1697453877.446529,2.756388,2.419542,5.743617
"2023-10-16 10:57:57.457 +0000",1697453877.456529,2.840083,2.262609,5.502088
"2023-10-16 10:57:57.467 +0000",1697453877.466551,2.842464,2.176469,5.114710
"2023-10-16 10:57:57.477 +0000",1697453877.476538,2.708553,2.231116,4.631789
"2023-10-16 10:57:57.487 +0000",1697453877.486538,2.389226,2.433974,4.114868
"2023-10-16 10:57:57.497 +0000",1697453877.496561,1.923561,2.808077,3.638945
"2023-10-16 10:57:57.507 +0000",1697453877.506560,1.456899,3.281473,3.250125
"2023-10-16 10:57:57.517 +0000",1697453877.516559,1.110923,3.691612,2.973375
"2023-10-16 10:57:57.527 +0000",1697453877.526570,0.929009,3.944389,2.829483
"2023-10-16 10:57:57.537 +0000",1697453877.536547,0.906840,4.056420,2.757843
"2023-10-16 10:57:57.547 +0000",1697453877.546549,0.989313,4.009913,2.691923
"2023-10-16 10:57:57.557 +0000",1697453877.556578,0.999854,3.795866,2.589010
"2023-10-16 10:57:57.567 +0000",1697453877.566557,0.838021,3.451949,2.479687
"2023-10-16 10:57:57.577 +0000",1697453877.576559,0.570664,2.997960,2.394359
"2023-10-16 10:57:57.587 +0000",1697453877.586586,0.306557,2.535563,2.320699
"2023-10-16 10:57:57.597 +0000",1697453877.596567,0.094740,2.193151,2.168470
"2023-10-16 10:57:57.607 +0000",1697453877.606569,-0.119325,2.007203,1.886507
"2023-10-16 10:57:57.617 +0000",1697453877.616584,-0.386118,2.032456,1.452585
"2023-10-16 10:57:57.627 +0000",1697453877.626585,-0.707434,2.227574,0.885521
"2023-10-16 10:57:57.637 +0000",1697453877.636587,-1.078825,2.563118,0.233034
"2023-10-16 10:57:57.647 +0000",1697453877.646604,-1.507682,2.898170,-0.430466
"2023-10-16 10:57:57.657 +0000",1697453877.656607,-2.027037,3.113548,-1.096588
"2023-10-16 10:57:57.667 +0000",1697453877.666608,-2.622888,3.187168,-1.744124
"2023-10-16 10:57:57.677 +0000",1697453877.676614,-3.267029,3.052525,-2.336172
"2023-10-16 10:57:57.687 +0000",1697453877.686615,-3.911828,2.741813,-2.878560
"2023-10-16 10:57:57.697 +0000",1697453877.696615,-4.514479,2.348906,-3.359588
"2023-10-16 10:57:57.707 +0000",1697453877.706613,-5.059580,1.936662,-3.767985
"2023-10-16 10:57:57.717 +0000",1697453877.716625,-5.489529,1.485543,-4.066275
"2023-10-16 10:57:57.727 +0000",1697453877.726625,-5.715612,1.069742,-4.214942
"2023-10-16 10:57:57.737 +0000",1697453877.736607,-5.759758,0.637159,-4.193253
"2023-10-16 10:57:57.747 +0000",1697453877.746634,-5.722359,0.104155,-4.005719
"2023-10-16 10:57:57.757 +0000",1697453877.756637,-5.684423,-0.623892,-3.744176
"2023-10-16 10:57:57.767 +0000",1697453877.766624,-5.704727,-1.381263,-3.518389
"2023-10-16 10:57:57.777 +0000",1697453877.776644,-5.805969,-1.997445,-3.389929
"2023-10-16 10:57:57.787 +0000",1697453877.786644,-5.964887,-2.332055,-3.362808
"2023-10-16 10:57:57.797 +0000",1697453877.796621,-6.135459,-2.402139,-3.505057
"2023-10-16 10:57:57.807 +0000",1697453877.806651,-6.270258,-2.388214,-3.863691
"2023-10-16 10:57:57.817 +0000",1697453877.816653,-6.444692,-2.439314,-4.393548
"2023-10-16 10:57:57.827 +0000",1697453877.826639,-6.592543,-2.592744,-5.017831
"2023-10-16 10:57:57.837 +0000",1697453877.836662,-6.579216,-2.799031,-5.621317
"2023-10-16 10:57:57.847 +0000",1697453877.846664,-6.460043,-2.956016,-6.102302
"2023-10-16 10:57:57.857 +0000",1697453877.856646,-6.346975,-3.048442,-6.433657
"2023-10-16 10:57:57.867 +0000",1697453877.866670,-6.213599,-3.173891,-6.622420
"2023-10-16 10:57:57.877 +0000",1697453877.876672,-5.909000,-3.422683,-6.683323
"2023-10-16 10:57:57.887 +0000",1697453877.886644,-5.321419,-3.799074,-6.578427
"2023-10-16 10:57:57.897 +0000",1697453877.896679,-4.458236,-4.192540,-6.290879
"2023-10-16 10:57:57.907 +0000",1697453877.906680,-3.554094,-4.420350,-5.884523
"2023-10-16 10:57:57.917 +0000",1697453877.916671,-2.863409,-4.468988,-5.449236
"2023-10-16 10:57:57.927 +0000",1697453877.926687,-2.442612,-4.442489,-5.083168
"2023-10-16 10:57:57.937 +0000",1697453877.936687,-2.183167,-4.433289,-4.929158
"2023-10-16 10:57:57.947 +0000",1697453877.946663,-1.966619,-4.465261,-5.043127
"2023-10-16 10:57:57.957 +0000",1697453877.956695,-1.765844,-4.370815,-5.321252
"2023-10-16 10:57:57.967 +0000",1697453877.966697,-1.577411,-4.088237,-5.566994
"2023-10-16 10:57:57.977 +0000",1697453877.976580,-1.316459,-3.724544,-5.657154
"2023-10-16 10:57:57.987 +0000",1697453877.986577,-0.971276,-3.402845,-5.585229
"2023-10-16 10:57:57.997 +0000",1697453877.996577,-0.579131,-3.103860,-5.459940
"2023-10-16 10:57:58.007 +0000",1697453878.006605,-0.241801,-2.751933,-5.294072
"2023-10-16 10:57:58.017 +0000",1697453878.016604,0.009100,-2.506606,-5.079562
"2023-10-16 10:57:58.027 +0000",1697453878.026604,0.257472,-2.448619,-4.925214
"2023-10-16 10:57:58.037 +0000",1697453878.036614,0.456035,-2.268681,-4.928877
"2023-10-16 10:57:58.047 +0000",1697453878.046603,0.478494,-2.017435,-5.050212
"2023-10-16 10:57:58.057 +0000",1697453878.056604,0.393264,-1.737568,-5.227367
"2023-10-16 10:57:58.067 +0000",1697453878.066623,0.278250,-1.464165,-5.381325
"2023-10-16 10:57:58.077 +0000",1697453878.076601,0.189016,-1.229447,-5.460880
"2023-10-16 10:57:58.087 +0000",1697453878.086601,0.118444,-0.956742,-5.424959
"2023-10-16 10:57:58.097 +0000",1697453878.096632,0.057873,-0.632218,-5.258587
"2023-10-16 10:57:58.107 +0000",1697453878.106607,0.016568,-0.331561,-5.018795
"2023-10-16 10:57:58.117 +0000",1697453878.116606,-0.017674,-0.110446,-4.764708
"2023-10-16 10:57:58.127 +0000",1697453878.126611,-0.028885,0.033299,-4.508992
"2023-10-16 10:57:58.137 +0000",1697453878.136626,-0.013724,0.078598,-4.226237
"2023-10-16 10:57:58.147 +0000",1697453878.146625,-0.001582,-0.020503,-3.925528
"2023-10-16 10:57:58.157 +0000",1697453878.156648,-0.012021,-0.212300,-3.642776
"2023-10-16 10:57:58.167 +0000",1697453878.166624,-0.079241,-0.478051,-3.399338
"2023-10-16 10:57:58.177 +0000",1697453878.176625,-0.224095,-0.741577,-3.222407
"2023-10-16 10:57:58.187 +0000",1697453878.186656,-0.438909,-0.915416,-3.061140
"2023-10-16 10:57:58.197 +0000",1697453878.196661,-0.701737,-0.959843,-2.871397
"2023-10-16 10:57:58.207 +0000",1697453878.206662,-1.007874,-0.806754,-2.639800
"2023-10-16 10:57:58.217 +0000",1697453878.216666,-1.299189,-0.530069,-2.364472
"2023-10-16 10:57:58.227 +0000",1697453878.226661,-1.555339,-0.258402,-2.083642
"2023-10-16 10:57:58.237 +0000",1697453878.236662,-1.762053,-0.033337,-1.842307
"2023-10-16 10:57:58.247 +0000",1697453878.246663,-1.938752,0.177799,-1.660556
"2023-10-16 10:57:58.257 +0000",1697453878.256680,-2.138964,0.403497,-1.502263
"2023-10-16 10:57:58.267 +0000",1697453878.266679,-2.360220,0.598319,-1.328379
"2023-10-16 10:57:58.277 +0000",1697453878.276653,-2.605199,0.703813,-1.139408
"2023-10-16 10:57:58.287 +0000",1697453878.286689,-2.853063,0.653100,-0.953886
"2023-10-16 10:57:58.297 +0000",1697453878.296688,-3.092773,0.519678,-0.751958
"2023-10-16 10:57:58.307 +0000",1697453878.306690,-3.333543,0.378014,-0.504301
"2023-10-16 10:57:58.317 +0000",1697453878.316697,-3.564615,0.212361,-0.191805
"2023-10-16 10:57:58.327 +0000",1697453878.326697,-3.736777,-0.001475,0.163263
"2023-10-16 10:57:58.337 +0000",1697453878.336697,-3.807001,-0.187918,0.530908
"2023-10-16 10:57:58.347 +0000",1697453878.346705,-3.826744,-0.307978,0.922853
"2023-10-16 10:57:58.357 +0000",1697453878.356706,-3.914954,-0.272238,1.340172
"2023-10-16 10:57:58.367 +0000",1697453878.366693,-4.101016,-0.135922,1.823767
"2023-10-16 10:57:58.377 +0000",1697453878.376715,-4.371839,-0.051042,2.340495
"2023-10-16 10:57:58.387 +0000",1697453878.386715,-4.642121,-0.023669,2.832248
"2023-10-16 10:57:58.397 +0000",1697453878.396712,-4.781079,-0.157988,3.301098
"2023-10-16 10:57:58.407 +0000",1697453878.406724,-4.684716,-0.421191,3.774592
"2023-10-16 10:57:58.417 +0000",1697453878.416723,-4.309545,-0.794885,4.254219
"2023-10-16 10:57:58.427 +0000",1697453878.426712,-3.742957,-1.153087,4.777770
"2023-10-16 10:57:58.437 +0000",1697453878.436733,-3.159131,-1.411360,5.290541
"2023-10-16 10:57:58.447 +0000",1697453878.446733,-2.651534,-1.454187,5.681069
"2023-10-16 10:57:58.457 +0000",1697453878.456707,-2.262395,-1.185715,5.861476
"2023-10-16 10:57:58.467 +0000",1697453878.466741,-1.996756,-0.633751,5.805934
"2023-10-16 10:57:58.477 +0000",1697453878.476743,-1.835818,0.247375,5.488309
"2023-10-16 10:57:58.487 +0000",1697453878.486777,-1.776430,1.430131,5.104394
"2023-10-16 10:57:58.497 +0000",1697453878.496751,-1.650469,2.646064,4.860711
"2023-10-16 10:57:58.507 +0000",1697453878.506751,-1.249232,3.505392,4.873546
"2023-10-16 10:57:58.517 +0000",1697453878.516737,-0.530541,3.836514,4.990472
"2023-10-16 10:57:58.527 +0000",1697453878.526758,0.338997,3.599246,5.090816
"2023-10-16 10:57:58.537 +0000",1697453878.536758,1.068407,2.974537,5.059239
"2023-10-16 10:57:58.547 +0000",1697453878.546744,1.476702,2.348112,4.777463
"2023-10-16 10:57:58.557 +0000",1697453878.556740,1.576881,2.047664,4.313274
"2023-10-16 10:57:58.567 +0000",1697453878.566740,1.608548,2.153641,3.858437
"2023-10-16 10:57:58.577 +0000",1697453878.576757,1.848847,2.484963,3.523943
"2023-10-16 10:57:58.587 +0000",1697453878.586774,2.321691,2.866422,3.292503
"2023-10-16 10:57:58.597 +0000",1697453878.596774,2.974349,3.097625,3.300600
"2023-10-16 10:57:58.607 +0000",1697453878.606781,3.785657,3.072204,3.368260
"2023-10-16 10:57:58.617 +0000",1697453878.616769,4.572572,2.692132,3.313511
"2023-10-16 10:57:58.627 +0000",1697453878.626771,5.212684,2.085809,3.085533
"2023-10-16 10:57:58.637 +0000",1697453878.636791,5.611716,1.455017,2.610857
"2023-10-16 10:57:58.647 +0000",1697453878.646768,5.645343,1.016621,1.891585
"2023-10-16 10:57:58.657 +0000",1697453878.656768,5.315284,0.924125,1.016353
"2023-10-16 10:57:58.667 +0000",1697453878.666799,4.822570,1.178601,0.095068
"2023-10-16 10:57:58.677 +0000",1697453878.676796,4.339026,1.586641,-0.736468
"2023-10-16 10:57:58.687 +0000",1697453878.686798,3.982412,1.820134,-1.419540
"2023-10-16 10:57:58.697 +0000",1697453878.696807,3.854011,1.866913,-1.984514
"2023-10-16 10:57:58.707 +0000",1697453878.706795,3.809780,1.765187,-2.435159
"2023-10-16 10:57:58.717 +0000",1697453878.716794,3.734232,1.572572,-2.763189
"2023-10-16 10:57:58.727 +0000",1697453878.726818,3.602607,1.327926,-3.014238
"2023-10-16 10:57:58.737 +0000",1697453878.736822,3.430838,1.043816,-3.240299
"2023-10-16 10:57:58.747 +0000",1697453878.746820,3.211447,0.727484,-3.465858
"2023-10-16 10:57:58.757 +0000",1697453878.756825,2.942985,0.418373,-3.665031
"2023-10-16 10:57:58.767 +0000",1697453878.766820,2.644263,0.153902,-3.821410
"2023-10-16 10:57:58.777 +0000",1697453878.776820,2.357935,-0.073090,-3.942247
"2023-10-16 10:57:58.787 +0000",1697453878.786834,2.106114,-0.234813,-4.027175
"2023-10-16 10:57:58.797 +0000",1697453878.796837,1.876303,-0.363228,-4.075472
"2023-10-16 10:57:58.807 +0000",1697453878.806839,1.688940,-0.480559,-4.098914
"2023-10-16 10:57:58.817 +0000",1697453878.816842,1.548534,-0.615452,-4.096646
"2023-10-16 10:57:58.827 +0000",1697453878.826847,1.420964,-0.762806,-4.061380
"2023-10-16 10:57:58.837 +0000",1697453878.836847,1.290110,-0.909836,-3.965414
"2023-10-16 10:57:58.847 +0000",1697453878.846830,1.130555,-1.068528,-3.828179
"2023-10-16 10:57:58.857 +0000",1697453878.856856,0.934643,-1.205299,-3.711226
"2023-10-16 10:57:58.867 +0000",1697453878.866856,0.693237,-1.368117,-3.630990
"2023-10-16 10:57:58.877 +0000",1697453878.876858,0.431518,-1.634418,-3.599675
"2023-10-16 10:57:58.887 +0000",1697453878.886865,0.184422,-1.986780,-3.589226
"2023-10-16 10:57:58.897 +0000",1697453878.896864,-0.078103,-2.279745,-3.575183
"2023-10-16 10:57:58.907 +0000",1697453878.906856,-0.391048,-2.409405,-3.547309
"2023-10-16 10:57:58.917 +0000",1697453878.916863,-0.730467,-2.436124,-3.503828
"2023-10-16 10:57:58.927 +0000",1697453878.926862,-1.062638,-2.435313,-3.485639
"2023-10-16 10:57:58.937 +0000",1697453878.936854,-1.363416,-2.370596,-3.479506
"2023-10-16 10:57:58.947 +0000",1697453878.946882,-1.609791,-2.203271,-3.435964
"2023-10-16 10:57:58.957 +0000",1697453878.956882,-1.782413,-1.957530,-3.338052
"2023-10-16 10:57:58.967 +0000",1697453878.966886,-1.865715,-1.712808,-3.163963
"2023-10-16 10:57:58.977 +0000",1697453878.976892,-1.864424,-1.662357,-2.890838
"2023-10-16 10:57:58.987 +0000",1697453878.986891,-1.854789,-1.842133,-2.575904
"2023-10-16 10:57:58.997 +0000",1697453878.996897,-1.959402,-2.095317,-2.315550
"2023-10-16 10:57:59.007 +0000",1697453879.006898,-2.258648,-2.353677,-2.148054
"2023-10-16 10:57:59.017 +0000",1697453879.016900,-2.611431,-2.568112,-2.031653
"2023-10-16 10:57:59.027 +0000",1697453879.026906,-2.833893,-2.712507,-1.912798
"2023-10-16 10:57:59.037 +0000",1697453879.036907,-2.884278,-2.703306,-1.725554
"2023-10-16 10:57:59.047 +0000",1697453879.046908,-2.838668,-2.606887,-1.460293
"2023-10-16 10:57:59.057 +0000",1697453879.056915,-2.786373,-2.433557,-1.130437
"2023-10-16 10:57:59.067 +0000",1697453879.066918,-2.839951,-2.329956,-0.780513
"2023-10-16 10:57:59.077 +0000",1697453879.076917,-3.020810,-2.389188,-0.500907
"2023-10-16 10:57:59.087 +0000",1697453879.086922,-3.301042,-2.630412,-0.334216
"2023-10-16 10:57:59.097 +0000",1697453879.096924,-3.628491,-3.054258,-0.272663
"2023-10-16 10:57:59.107 +0000",1697453879.106924,-3.888966,-3.456734,-0.276563
"2023-10-16 10:57:59.117 +0000",1697453879.116932,-4.012518,-3.694485,-0.263329
"2023-10-16 10:57:59.127 +0000",1697453879.126911,-3.994977,-3.769201,-0.162646
"2023-10-16 10:57:59.137 +0000",1697453879.136912,-3.868443,-3.666108,0.049910
"2023-10-16 10:57:59.147 +0000",1697453879.146939,-3.760842,-3.487051,0.380156
"2023-10-16 10:57:59.157 +0000",1697453879.156940,-3.751942,-3.343745,0.718015
"2023-10-16 10:57:59.167 +0000",1697453879.166942,-3.839353,-3.367535,0.943103
"2023-10-16 10:57:59.177 +0000",1697453879.176947,-3.902499,-3.584298,1.017603
"2023-10-16 10:57:59.187 +0000",1697453879.186938,-3.770268,-3.840831,0.942785
"2023-10-16 10:57:59.197 +0000",1697453879.196939,-3.455579,-4.014527,0.811200
"2023-10-16 10:57:59.207 +0000",1697453879.206956,-3.093026,-4.063519,0.688406
"2023-10-16 10:57:59.217 +0000",1697453879.216937,-2.744593,-3.965778,0.606159
"2023-10-16 10:57:59.227 +0000",1697453879.226938,-2.480824,-3.796669,0.482439
"2023-10-16 10:57:59.237 +0000",1697453879.236968,-2.238892,-3.540409,0.209113
"2023-10-16 10:57:59.247 +0000",1697453879.246966,-1.926490,-3.278290,-0.244816
"2023-10-16 10:57:59.257 +0000",1697453879.256966,-1.631743,-2.912272,-0.897186
"2023-10-16 10:57:59.267 +0000",1697453879.266976,-1.549953,-2.280728,-1.653055
"2023-10-16 10:57:59.277 +0000",1697453879.276964,-1.668537,-1.496762,-2.430200
"2023-10-16 10:57:59.287 +0000",1697453879.286963,-1.811466,-0.850029,-3.208639
"2023-10-16 10:57:59.297 +0000",1697453879.296986,-1.754406,-0.444564,-3.897305
"2023-10-16 10:57:59.307 +0000",1697453879.306962,-1.430262,-0.309765,-4.338373
"2023-10-16 10:57:59.317 +0000",1697453879.316961,-0.894056,-0.479133,-4.559095
"2023-10-16 10:57:59.327 +0000",1697453879.326990,-0.249640,-1.010675,-4.536096
"2023-10-16 10:57:59.337 +0000",1697453879.336977,0.377923,-1.839684,-4.307959
"2023-10-16 10:57:59.347 +0000",1697453879.346977,0.920966,-2.866811,-4.060692
"2023-10-16 10:57:59.357 +0000",1697453879.357002,1.338039,-3.845239,-3.863864
"2023-10-16 10:57:59.367 +0000",1697453879.367005,1.581889,-4.477069,-3.764289
"2023-10-16 10:57:59.377 +0000",1697453879.377004,1.633420,-4.644653,-3.784539
"2023-10-16 10:57:59.387 +0000",1697453879.386995,1.525029,-4.410091,-3.866345
"2023-10-16 10:57:59.397 +0000",1697453879.397012,1.345449,-3.950748,-3.931806
"2023-10-16 10:57:59.407 +0000",1697453879.407012,1.231264,-3.558393,-3.907941
"2023-10-16 10:57:59.417 +0000",1697453879.417004,1.263241,-3.335582,-3.814279
"2023-10-16 10:57:59.427 +0000",1697453879.426999,1.386895,-3.259377,-3.655226
"2023-10-16 10:57:59.437 +0000",1697453879.437000,1.522095,-3.299478,-3.415047
"2023-10-16 10:57:59.447 +0000",1697453879.446997,1.604434,-3.387562,-3.137247
"2023-10-16 10:57:59.457 +0000",1697453879.457011,1.587671,-3.463660,-2.863157
"2023-10-16 10:57:59.467 +0000",1697453879.467011,1.479015,-3.498044,-2.605267
"2023-10-16 10:57:59.477 +0000",1697453879.477026,1.320050,-3.376736,-2.364501
"2023-10-16 10:57:59.487 +0000",1697453879.487041,1.150515,-3.031002,-2.063344
"2023-10-16 10:57:59.497 +0000",1697453879.497041,1.031059,-2.585518,-1.661981
"2023-10-16 10:57:59.507 +0000",1697453879.507023,1.040299,-2.147906,-1.134189
"2023-10-16 10:57:59.517 +0000",1697453879.517051,1.194356,-1.738144,-0.465124
"2023-10-16 10:57:59.527 +0000",1697453879.527049,1.463640,-1.370627,0.282064
"2023-10-16 10:57:59.537 +0000",1697453879.537054,1.772707,-1.044375,1.006786
"2023-10-16 10:57:59.547 +0000",1697453879.547059,2.024446,-0.728378,1.685262
"2023-10-16 10:57:59.557 +0000",1697453879.557057,2.155974,-0.406381,2.270370
"2023-10-16 10:57:59.567 +0000",1697453879.567063,2.198654,-0.014360,2.770293
"2023-10-16 10:57:59.577 +0000",1697453879.577066,2.158054,0.536083,3.216693
"2023-10-16 10:57:59.587 +0000",1697453879.587067,2.093917,1.109391,3.605615
"2023-10-16 10:57:59.597 +0000",1697453879.597072,2.131547,1.622476,3.920101
"2023-10-16 10:57:59.607 +0000",1697453879.607076,2.318424,1.995204,4.203450
"2023-10-16 10:57:59.617 +0000",1697453879.617075,2.699804,2.173448,4.406493
"2023-10-16 10:57:59.627 +0000",1697453879.627080,3.278416,2.222664,4.454160
"2023-10-16 10:57:59.637 +0000",1697453879.637081,3.923478,2.127959,4.328473
"2023-10-16 10:57:59.647 +0000",1697453879.647084,4.486109,1.998517,3.996399
"2023-10-16 10:57:59.657 +0000",1697453879.657090,4.747911,1.966836,3.505623
"2023-10-16 10:57:59.667 +0000",1697453879.667084,4.612506,2.204814,2.945394
"2023-10-16 10:57:59.677 +0000",1697453879.677085,4.280187,2.798466,2.418863
"2023-10-16 10:57:59.687 +0000",1697453879.687098,4.089485,3.495663,1.979290
"2023-10-16 10:57:59.697 +0000",1697453879.697072,4.135822,3.979351,1.605450
"2023-10-16 10:57:59.707 +0000",1697453879.707073,4.318498,4.095230,1.198501
"2023-10-16 10:57:59.717 +0000",1697453879.717106,4.683548,3.820051,0.720185
"2023-10-16 10:57:59.727 +0000",1697453879.727081,5.250330,3.356431,0.278831
"2023-10-16 10:57:59.737 +0000",1697453879.737082,5.769386,2.856877,-0.068312
"2023-10-16 10:57:59.747 +0000",1697453879.747115,6.080268,2.420696,-0.393847
"2023-10-16 10:57:59.757 +0000",1697453879.757107,6.085533,2.006283,-0.786072
"2023-10-16 10:57:59.767 +0000",1697453879.767109,5.771024,1.671207,-1.375617
"2023-10-16 10:57:59.777 +0000",1697453879.777122,5.209423,1.516496,-2.238953
"2023-10-16 10:57:59.787 +0000",1697453879.787101,4.563064,1.599797,-3.353290
"2023-10-16 10:57:59.797 +0000",1697453879.797101,3.884263,1.859319,-4.448251
"2023-10-16 10:57:59.807 +0000",1697453879.807134,3.272494,2.204642,-5.304538
"2023-10-16 10:57:59.817 +0000",1697453879.817129,2.848058,2.614028,-5.794825
"2023-10-16 10:57:59.827 +0000",1697453879.827132,2.616442,2.938042,-5.863866
"2023-10-16 10:57:59.837 +0000",1697453879.837142,2.513941,2.936419,-5.644013
"2023-10-16 10:57:59.847 +0000",1697453879.847126,2.457925,2.485888,-5.403110
"2023-10-16 10:57:59.857 +0000",1697453879.857126,2.333638,1.714128,-5.327219
"2023-10-16 10:57:59.867 +0000",1697453879.867152,1.989060,0.722903,-5.441998
"2023-10-16 10:57:59.877 +0000",1697453879.877156,1.361590,-0.280663,-5.672611
"2023-10-16 10:57:59.887 +0000",1697453879.887155,0.483895,-1.024067,-5.967586
"2023-10-16 10:57:59.897 +0000",1697453879.897160,-0.518146,-1.189222,-6.228690
"2023-10-16 10:57:59.907 +0000",1697453879.907164,-1.471835,-0.944148,-6.340142
"2023-10-16 10:57:59.917 +0000",1697453879.917164,-2.090624,-0.427090,-6.329015
"2023-10-16 10:57:59.927 +0000",1697453879.927168,-2.284272,0.028923,-6.216699
"2023-10-16 10:57:59.937 +0000",1697453879.937172,-2.144516,0.215585,-6.083257
"2023-10-16 10:57:59.947 +0000",1697453879.947172,-1.877843,0.137427,-5.981060
"2023-10-16 10:57:59.957 +0000",1697453879.957157,-1.663689,-0.142976,-5.879808
"2023-10-16 10:57:59.967 +0000",1697453879.967180,-1.562449,-0.539900,-5.757855
"2023-10-16 10:57:59.977 +0000",1697453879.977181,-1.588467,-1.117203,-5.616888
"2023-10-16 10:57:59.987 +0000",1697453879.987168,-1.713982,-1.871918,-5.531275
"2023-10-16 10:57:59.997 +0000",1697453879.997190,-1.944138,-2.591273,-5.441755
"2023-10-16 10:58:00.007 +0000",1697453880.007190,-2.276316,-3.102640,-5.260591
"2023-10-16 10:58:00.017 +0000",1697453880.017164,-2.642654,-3.142754,-4.925518
"2023-10-16 10:58:00.027 +0000",1697453880.027199,-2.950511,-2.834211,-4.446569
"2023-10-16 10:58:00.037 +0000",1697453880.037199,-3.166146,-2.488591,-3.920937
"2023-10-16 10:58:00.047 +0000",1697453880.047194,-3.252519,-2.300827,-3.487427
"2023-10-16 10:58:00.057 +0000",1697453880.057207,-3.163850,-2.393777,-3.140389
"2023-10-16 10:58:00.067 +0000",1697453880.067208,-2.911184,-2.725955,-2.856111
"2023-10-16 10:58:00.077 +0000",1697453880.077186,-2.637716,-3.245987,-2.566877
"2023-10-16 10:58:00.087 +0000",1697453880.087215,-2.401024,-3.940596,-2.291042
"2023-10-16 10:58:00.097 +0000",1697453880.097216,-2.168573,-4.742049,-2.115188
"2023-10-16 10:58:00.107 +0000",1697453880.107220,-2.008024,-5.582846,-2.037043
"2023-10-16 10:58:00.117 +0000",1697453880.117214,-1.952841,-6.293114,-2.030898
"2023-10-16 10:58:00.127 +0000",1697453880.127214,-1.952522,-6.687472,-2.070397
"2023-10-16 10:58:00.137 +0000",1697453880.137199,-1.991417,-6.724548,-2.185991
"2023-10-16 10:58:00.147 +0000",1697453880.147207,-2.005570,-6.302591,-2.316783
"2023-10-16 10:58:00.157 +0000",1697453880.157209,-1.885577,-5.405499,-2.391657
"2023-10-16 10:58:00.167 +0000",1697453880.167240,-1.689246,-4.478947,-2.430661
"2023-10-16 10:58:00.177 +0000",1697453880.177243,-1.600326,-3.920031,-2.525588
"2023-10-16 10:58:00.187 +0000",1697453880.187245,-1.696585,-3.714720,-2.721540
"2023-10-16 10:58:00.197 +0000",1697453880.197230,-1.866596,-3.583723,-2.997395
"2023-10-16 10:58:00.207 +0000",1697453880.207227,-1.955824,-3.429084,-3.331140
"2023-10-16 10:58:00.217 +0000",1697453880.217227,-1.855813,-3.252618,-3.625183
"2023-10-16 10:58:00.227 +0000",1697453880.227241,-1.433825,-3.037718,-3.750738
"2023-10-16 10:58:00.237 +0000",1697453880.237257,-0.648267,-2.672496,-3.702354
"2023-10-16 10:58:00.247 +0000",1697453880.247257,0.345446,-2.157080,-3.485255
"2023-10-16 10:58:00.257 +0000",1697453880.257255,1.275500,-1.684012,-3.160251
"2023-10-16 10:58:00.267 +0000",1697453880.267251,1.964065,-1.331352,-2.953854
"2023-10-16 10:58:00.277 +0000",1697453880.277252,2.371128,-1.019997,-2.913588
"2023-10-16 10:58:00.287 +0000",1697453880.287257,2.579060,-0.685203,-2.972361
"2023-10-16 10:58:00.297 +0000",1697453880.297250,2.676167,-0.334353,-3.050860
"2023-10-16 10:58:00.307 +0000",1697453880.307252,2.763126,-0.053244,-3.051177
"2023-10-16 10:58:00.317 +0000",1697453880.317277,2.919367,0.197237,-2.925623
"2023-10-16 10:58:00.327 +0000",1697453880.327279,3.131690,0.461742,-2.651539
"2023-10-16 10:58:00.337 +0000",1697453880.337278,3.375762,0.723087,-2.229218
"2023-10-16 10:58:00.347 +0000",1697453880.347291,3.603213,0.919084,-1.695697
"2023-10-16 10:58:00.357 +0000",1697453880.357276,3.811675,0.966465,-1.117726
"2023-10-16 10:58:00.367 +0000",1697453880.367277,4.005981,0.809678,-0.555390
"2023-10-16 10:58:00.377 +0000",1697453880.377283,4.172274,0.462038,-0.076839
"2023-10-16 10:58:00.387 +0000",1697453880.387305,4.272219,0.051612,0.284668
"2023-10-16 10:58:00.397 +0000",1697453880.397305,4.245049,-0.285173,0.501132
"2023-10-16 10:58:00.407 +0000",1697453880.407288,4.036543,-0.434019,0.566775
"2023-10-16 10:58:00.417 +0000",1697453880.417313,3.622171,-0.280999,0.558027
"2023-10-16 10:58:00.427 +0000",1697453880.427314,3.044586,0.149288,0.575077
"2023-10-16 10:58:00.437 +0000",1697453880.437320,2.433207,0.775362,0.690484
"2023-10-16 10:58:00.447 +0000",1697453880.447322,1.938157,1.465807,0.948821
"2023-10-16 10:58:00.457 +0000",1697453880.457321,1.624284,1.990483,1.333662
"2023-10-16 10:58:00.467 +0000",1697453880.467327,1.493950,2.209937,1.792728
"2023-10-16 10:58:00.477 +0000",1697453880.477331,1.477655,2.035541,2.337635
"2023-10-16 10:58:00.487 +0000",1697453880.487330,1.599011,1.728482,2.726766
"2023-10-16 10:58:00.497 +0000",1697453880.497335,1.672107,1.343407,3.097906
"2023-10-16 10:58:00.507 +0000",1697453880.507339,1.555250,1.151726,3.354435
"2023-10-16 10:58:00.517 +0000",1697453880.517339,1.459298,0.869302,3.691295
"2023-10-16 10:58:00.527 +0000",1697453880.527338,1.245376,0.795697,4.100534
"2023-10-16 10:58:00.537 +0000",1697453880.537322,0.974647,1.111168,4.627705
"2023-10-16 10:58:00.547 +0000",1697453880.547322,0.714334,1.820729,5.133722
"2023-10-16 10:58:00.557 +0000",1697453880.557336,0.469288,2.130738,5.601354
"2023-10-16 10:58:00.567 +0000",1697453880.567357,0.413615,2.346079,5.987348
"2023-10-16 10:58:00.577 +0000",1697453880.577356,0.509016,2.343201,6.286177
"2023-10-16 10:58:00.587 +0000",1697453880.587356,0.719047,2.145389,6.529766
"2023-10-16 10:58:00.597 +0000",1697453880.597366,1.053671,1.832329,6.707124
"2023-10-16 10:58:00.607 +0000",1697453880.607366,1.406889,1.468216,6.850084
"2023-10-16 10:58:00.617 +0000",1697453880.617364,1.792331,1.199717,6.951432
"2023-10-16 10:58:00.627 +0000",1697453880.627374,2.259279,1.232293,7.021703
"2023-10-16 10:58:00.637 +0000",1697453880.637374,2.796246,1.534208,7.098913
"2023-10-16 10:58:00.647 +0000",1697453880.647360,3.383164,1.984614,7.070080
"2023-10-16 10:58:00.657 +0000",1697453880.657386,4.024399,2.479461,6.755409
"2023-10-16 10:58:00.667 +0000",1697453880.667387,4.650363,3.084427,6.028253
"2023-10-16 10:58:00.677 +0000",1697453880.677372,5.131059,3.804179,4.945369
"2023-10-16 10:58:00.687 +0000",1697453880.687393,5.360133,4.477429,3.677321
"2023-10-16 10:58:00.697 +0000",1697453880.697393,5.237628,5.058890,2.422310
"2023-10-16 10:58:00.707 +0000",1697453880.707381,4.771872,5.662259,1.358162
"2023-10-16 10:58:00.717 +0000",1697453880.717402,4.134765,6.214954,0.571619
"2023-10-16 10:58:00.727 +0000",1697453880.727403,3.604534,6.546100,0.099200
"2023-10-16 10:58:00.737 +0000",1697453880.737376,3.442921,6.432291,-0.083837
"2023-10-16 10:58:00.747 +0000",1697453880.747411,3.684753,5.804124,-0.083309
"2023-10-16 10:58:00.757 +0000",1697453880.757411,4.277647,4.723669,-0.121657
"2023-10-16 10:58:00.767 +0000",1697453880.767399,5.004726,3.546467,-0.346393
"2023-10-16 10:58:00.777 +0000",1697453880.777402,5.484010,2.629318,-0.842131
"2023-10-16 10:58:00.787 +0000",1697453880.787402,5.563697,2.163467,-1.592238
"2023-10-16 10:58:00.797 +0000",1697453880.797408,5.224224,2.174961,-2.476249
"2023-10-16 10:58:00.807 +0000",1697453880.807424,4.547594,2.517470,-3.368114
"2023-10-16 10:58:00.817 +0000",1697453880.817423,3.723916,2.986739,-4.194854
"2023-10-16 10:58:00.827 +0000",1697453880.827406,2.927588,3.349689,-4.887028
"2023-10-16 10:58:00.837 +0000",1697453880.837422,2.238865,3.431835,-5.409372
"2023-10-16 10:58:00.847 +0000",1697453880.847423,1.651810,3.296060,-5.718792
"2023-10-16 10:58:00.857 +0000",1697453880.857443,1.104980,3.024930,-5.787284
"2023-10-16 10:58:00.867 +0000",1697453880.867444,0.502945,2.591660,-5.714728
"2023-10-16 10:58:00.877 +0000",1697453880.877443,-0.133964,2.003183,-5.614919
"2023-10-16 10:58:00.887 +0000",1697453880.887451,-0.711287,1.297202,-5.519981
"2023-10-16 10:58:00.897 +0000",1697453880.897446,-1.158228,0.541965,-5.476842
"2023-10-16 10:58:00.907 +0000",1697453880.907446,-1.476556,-0.185924,-5.463570
"2023-10-16 10:58:00.917 +0000",1697453880.917458,-1.686995,-0.836449,-5.438333
"2023-10-16 10:58:00.927 +0000",1697453880.927453,-1.845190,-1.381188,-5.374609
"2023-10-16 10:58:00.937 +0000",1697453880.937451,-2.017690,-1.757948,-5.270161
"2023-10-16 10:58:00.947 +0000",1697453880.947460,-2.264776,-1.895822,-5.093883
"2023-10-16 10:58:00.957 +0000",1697453880.957443,-2.601020,-1.829045,-4.868516
"2023-10-16 10:58:00.967 +0000",1697453880.967442,-2.952428,-1.731602,-4.648314
"2023-10-16 10:58:00.977 +0000",1697453880.977476,-3.262759,-1.705044,-4.430578
"2023-10-16 10:58:00.987 +0000",1697453880.987471,-3.534322,-1.735351,-4.175793
"2023-10-16 10:58:00.997 +0000",1697453880.997470,-3.783482,-1.774916,-3.897512
"2023-10-16 10:58:01.007 +0000",1697453881.007486,-4.007135,-1.804900,-3.648819
"2023-10-16 10:58:01.017 +0000",1697453881.017462,-4.181609,-1.979038,-3.407413
"2023-10-16 10:58:01.027 +0000",1697453881.027461,-4.338006,-2.391106,-3.182790
"2023-10-16 10:58:01.037 +0000",1697453881.037494,-4.452876,-3.152927,-3.053497
"2023-10-16 10:58:01.047 +0000",1697453881.047466,-4.399292,-4.056171,-2.980794
"2023-10-16 10:58:01.057 +0000",1697453881.057468,-4.200505,-4.767031,-2.894939
"2023-10-16 10:58:01.067 +0000",1697453881.067477,-3.937457,-5.046790,-2.745443
"2023-10-16 10:58:01.077 +0000",1697453881.077485,-3.629208,-4.805652,-2.410242
"2023-10-16 10:58:01.087 +0000",1697453881.087484,-3.290461,-4.311378,-1.878873
"2023-10-16 10:58:01.097 +0000",1697453881.097483,-2.981146,-3.870088,-1.286345
"2023-10-16 10:58:01.107 +0000",1697453881.107487,-2.787343,-3.830935,-0.826773
"2023-10-16 10:58:01.117 +0000",1697453881.117487,-2.758255,-4.143077,-0.647039
"2023-10-16 10:58:01.128 +0000",1697453881.127504,-2.580416,-4.768162,-0.581904
"2023-10-16 10:58:01.138 +0000",1697453881.137519,-2.382122,-5.157896,-0.628660
"2023-10-16 10:58:01.148 +0000",1697453881.147519,-2.245078,-5.096279,-0.806256
"2023-10-16 10:58:01.158 +0000",1697453881.157503,-2.017370,-4.437297,-1.045425
"2023-10-16 10:58:01.168 +0000",1697453881.167510,-1.768632,-3.274197,-1.214223
"2023-10-16 10:58:01.178 +0000",1697453881.177513,-1.591785,-1.951360,-1.223417
"2023-10-16 10:58:01.188 +0000",1697453881.187524,-1.418106,-0.894499,-1.111279
"2023-10-16 10:58:01.198 +0000",1697453881.197517,-1.044376,-0.438404,-0.982666
"2023-10-16 10:58:01.208 +0000",1697453881.207517,-0.495589,-0.513536,-0.905328
"2023-10-16 10:58:01.218 +0000",1697453881.217526,0.029056,-0.740023,-0.883726
"2023-10-16 10:58:01.228 +0000",1697453881.227542,0.418639,-0.857151,-0.882289
"2023-10-16 10:58:01.238 +0000",1697453881.237543,0.658655,-0.794706,-0.865370
"2023-10-16 10:58:01.248 +0000",1697453881.247554,0.743864,-0.563316,-0.826698
"2023-10-16 10:58:01.258 +0000",1697453881.257541,0.738619,-0.224928,-0.722716
"2023-10-16 10:58:01.268 +0000",1697453881.267541,0.813893,0.026229,-0.559310
"2023-10-16 10:58:01.278 +0000",1697453881.277565,0.831289,-0.017132,-0.547846
"2023-10-16 10:58:01.288 +0000",1697453881.287569,0.988242,-0.086564,-0.448387
"2023-10-16 10:58:01.298 +0000",1697453881.297568,1.232447,-0.053597,-0.205859
"2023-10-16 10:58:01.308 +0000",1697453881.307572,1.440652,-0.043198,0.038387
"2023-10-16 10:58:01.318 +0000",1697453881.317576,1.538014,-0.005376,0.207610
"2023-10-16 10:58:01.328 +0000",1697453881.327575,1.520312,0.168492,0.352754
"2023-10-16 10:58:01.338 +0000",1697453881.337584,1.422408,0.383204,0.499871
"2023-10-16 10:58:01.348 +0000",1697453881.347563,1.265602,0.637857,0.649087
"2023-10-16 10:58:01.358 +0000",1697453881.357564,1.058884,0.881414,0.780857
"2023-10-16 10:58:01.368 +0000",1697453881.367590,0.817161,0.989770,0.909155
"2023-10-16 10:58:01.378 +0000",1697453881.377590,0.586274,1.073864,1.053296
"2023-10-16 10:58:01.388 +0000",1697453881.387590,0.348251,1.129999,1.148159
"2023-10-16 10:58:01.398 +0000",1697453881.397601,0.078274,1.071008,1.216301
"2023-10-16 10:58:01.408 +0000",1697453881.407589,-0.227926,0.891773,1.297065
"2023-10-16 10:58:01.418 +0000",1697453881.417590,-0.561492,0.680344,1.357152
"2023-10-16 10:58:01.428 +0000",1697453881.427579,-0.929440,0.383665,1.416317
"2023-10-16 10:58:01.438 +0000",1697453881.437587,-1.274804,0.175567,1.516837
"2023-10-16 10:58:01.448 +0000",1697453881.447588,-1.530768,0.222762,1.558254
"2023-10-16 10:58:01.458 +0000",1697453881.457618,-1.457337,0.354763,1.509743
"2023-10-16 10:58:01.468 +0000",1697453881.467616,-0.987499,0.557899,1.493039
"2023-10-16 10:58:01.478 +0000",1697453881.477616,-0.471482,0.827557,1.530437
"2023-10-16 10:58:01.488 +0000",1697453881.487627,-0.113757,0.941875,1.547452
"2023-10-16 10:58:01.498 +0000",1697453881.497613,0.078282,1.003222,1.620522
"2023-10-16 10:58:01.508 +0000",1697453881.507613,0.214519,1.098730,1.794727
"2023-10-16 10:58:01.518 +0000",1697453881.517635,0.346114,1.104329,2.042720
"2023-10-16 10:58:01.528 +0000",1697453881.527637,0.519223,1.224174,2.336661
"2023-10-16 10:58:01.538 +0000",1697453881.537637,0.748615,1.602601,2.632039
"2023-10-16 10:58:01.548 +0000",1697453881.547643,0.899990,2.037068,2.798508
"2023-10-16 10:58:01.558 +0000",1697453881.557640,0.896757,2.399533,2.837724
"2023-10-16 10:58:01.568 +0000",1697453881.567640,0.749547,2.679861,2.821038
"2023-10-16 10:58:01.578 +0000",1697453881.577653,0.494645,2.867701,2.748588
"2023-10-16 10:58:01.588 +0000",1697453881.587637,-0.012474,2.459095,2.553501
"2023-10-16 10:58:01.598 +0000",1697453881.597636,-0.756579,1.281475,2.319651
"2023-10-16 10:58:01.608 +0000",1697453881.607660,-1.080402,0.836489,2.210614
"2023-10-16 10:58:01.618 +0000",1697453881.617718,-0.896574,1.373904,2.133140
"2023-10-16 10:58:01.628 +0000",1697453881.627665,-0.638063,1.541703,1.973159
"2023-10-16 10:58:01.638 +0000",1697453881.637667,-0.451088,1.498351,1.766237
"2023-10-16 10:58:01.648 +0000",1697453881.647674,-0.253918,1.617961,1.619323
"2023-10-16 10:58:01.658 +0000",1697453881.657674,-0.085476,1.836871,1.596623
"2023-10-16 10:58:01.668 +0000",1697453881.667678,-0.030753,2.020365,1.659208
"2023-10-16 10:58:01.678 +0000",1697453881.677683,-0.142972,2.181383,1.724832
"2023-10-16 10:58:01.688 +0000",1697453881.687682,-0.362639,2.462475,1.750313
"2023-10-16 10:58:01.698 +0000",1697453881.697675,-0.622538,2.847123,1.731667
"2023-10-16 10:58:01.708 +0000",1697453881.707691,-0.863902,3.189163,1.669107
"2023-10-16 10:58:01.718 +0000",1697453881.717690,-1.033591,3.133129,1.567459
"2023-10-16 10:58:01.728 +0000",1697453881.727674,-1.057934,2.528856,1.450428
"2023-10-16 10:58:01.738 +0000",1697453881.737700,-0.902562,1.703883,1.331607
"2023-10-16 10:58:01.748 +0000",1697453881.747699,-0.603572,1.014785,1.192437
"2023-10-16 10:58:01.758 +0000",1697453881.757700,-0.276664,0.545648,1.026510
"2023-10-16 10:58:01.768 +0000",1697453881.767710,-0.035226,0.238233,0.829444
"2023-10-16 10:58:01.778 +0000",1697453881.777709,0.119050,0.038487,0.625279
"2023-10-16 10:58:01.788 +0000",1697453881.787714,0.241406,-0.053779,0.494245
"2023-10-16 10:58:01.798 +0000",1697453881.797718,0.355453,-0.307028,0.459821
"2023-10-16 10:58:01.808 +0000",1697453881.807717,0.474892,-0.584119,0.521101
"2023-10-16 10:58:01.818 +0000",1697453881.817722,0.553145,-0.669815,0.665743
"2023-10-16 10:58:01.828 +0000",1697453881.827726,0.537856,-0.532953,0.838289
"2023-10-16 10:58:01.838 +0000",1697453881.837726,0.236956,0.123466,1.024045
"2023-10-16 10:58:01.848 +0000",1697453881.847729,-0.220763,0.819037,1.201699
"2023-10-16 10:58:01.858 +0000",1697453881.857736,-0.555172,1.296519,1.350605
"2023-10-16 10:58:01.868 +0000",1697453881.867735,-0.804385,1.432687,1.337413
"2023-10-16 10:58:01.878 +0000",1697453881.877726,-0.876997,1.235948,1.211759
"2023-10-16 10:58:01.888 +0000",1697453881.887740,-0.788062,0.829942,1.064059
"2023-10-16 10:58:01.898 +0000",1697453881.897742,-0.595656,0.397189,0.933820
"2023-10-16 10:58:01.908 +0000",1697453881.907720,-0.401487,0.120849,0.844308
"2023-10-16 10:58:01.918 +0000",1697453881.917732,-0.293606,0.086360,0.803145
"2023-10-16 10:58:01.928 +0000",1697453881.927732,-0.275417,0.198018,0.798861
"2023-10-16 10:58:01.938 +0000",1697453881.937750,-0.291741,0.357349,0.816065
"2023-10-16 10:58:01.948 +0000",1697453881.947730,-0.277086,0.503143,0.840805
"2023-10-16 10:58:01.958 +0000",1697453881.957731,-0.215182,0.603560,0.856937
"2023-10-16 10:58:01.968 +0000",1697453881.967751,-0.145455,0.662577,0.868513
"2023-10-16 10:58:01.978 +0000",1697453881.977755,-0.119212,0.706277,0.859452
"2023-10-16 10:58:01.988 +0000",1697453881.987755,-0.143213,0.777118,0.832198
"2023-10-16 10:58:01.998 +0000",1697453881.997776,-0.181364,0.886008,0.789194
"2023-10-16 10:58:02.008 +0000",1697453882.007756,-0.192447,0.944075,0.740609
"2023-10-16 10:58:02.018 +0000",1697453882.017756,-0.142024,0.908037,0.689490
"2023-10-16 10:58:02.028 +0000",1697453882.027784,-0.030177,0.786430,0.642300
"2023-10-16 10:58:02.038 +0000",1697453882.037782,0.094932,0.608633,0.597920
"2023-10-16 10:58:02.048 +0000",1697453882.047784,0.192366,0.431654,0.546984
"2023-10-16 10:58:02.058 +0000",1697453882.057793,0.218793,0.341211,0.487807
"2023-10-16 10:58:02.068 +0000",1697453882.067794,0.174234,0.334146,0.425690
"2023-10-16 10:58:02.078 +0000",1697453882.077796,0.101536,0.379978,0.361708
"2023-10-16 10:58:02.088 +0000",1697453882.087803,0.042801,0.412091,0.295568
"2023-10-16 10:58:02.098 +0000",1697453882.097803,-0.000687,0.401927,0.247279
"2023-10-16 10:58:02.108 +0000",1697453882.107805,-0.037644,0.371755,0.221233
"2023-10-16 10:58:02.118 +0000",1697453882.117811,-0.062031,0.361967,0.213544
"2023-10-16 10:58:02.128 +0000",1697453882.127812,-0.049252,0.357936,0.234894
"2023-10-16 10:58:02.138 +0000",1697453882.137816,0.036695,0.386327,0.256967
"2023-10-16 10:58:02.148 +0000",1697453882.147818,0.149781,0.480636,0.253127
